Domain Code,Domain,Area Code,Area,Year Code,Year,Item Code,Item,Months Code,Months,Unit,Value,Flag,Flag Description,Note
CP,Consumer Price Indices,21,Brazil,2010,2010,23012,"Consumer Prices, General Indices (2015 = 100)",7001,January,,70.5368,X,International reliable sources,base year is 2015
CP,Consumer Price Indices,21,Brazil,2010,2010,23012,"Consumer Prices, General Indices (2015 = 100)",7002,February,,71.0869,X,International reliable sources,base year is 2015
CP,Consumer Price Indices,21,Brazil,2010,2010,23012,"Consumer Prices, General Indices (2015 = 100)",7003,March,,71.45649,X,International reliable sources,base year is 2015
CP,Consumer Price Indices,21,Brazil,2010,2010,23012,"Consumer Prices, General Indices (2015 = 100)",7004,April,,71.86391,X,International reliable sources,base year is 2015
CP,Consumer Price Indices,21,Brazil,2010,2010,23012,"Consumer Prices, General Indices (2015 = 100)",7005,May,,72.17294,X,International reliable sources,base year is 2015
CP,Consumer Price Indices,21,Brazil,2010,2010,23012,"Consumer Prices, General Indices (2015 = 100)",7006,June,,72.17294,X,International reliable sources,base year is 2015
CP,Consumer Price Indices,21,Brazil,2010,2010,23012,"Consumer Prices, General Indices (2015 = 100)",7007,July,,72.18014,X,International reliable sources,base year is 2015
CP,Consumer Price Indices,21,Brazil,2010,2010,23012,"Consumer Prices, General Indices (2015 = 100)",7008,August,,72.20891,X,International reliable sources,base year is 2015
CP,Consumer Price Indices,21,Brazil,2010,2010,23012,"Consumer Prices, General Indices (2015 = 100)",7009,September,,72.53372,X,International reliable sources,base year is 2015
CP,Consumer Price Indices,21,Brazil,2010,2010,23012,"Consumer Prices, General Indices (2015 = 100)",7010,October,,73.0778,X,International reliable sources,base year is 2015
CP,Consumer Price Indices,21,Brazil,2010,2010,23012,"Consumer Prices, General Indices (2015 = 100)",7011,November,,73.68427,X,International reliable sources,base year is 2015
CP,Consumer Price Indices,21,Brazil,2010,2010,23012,"Consumer Prices, General Indices (2015 = 100)",7012,December,,74.14853,X,International reliable sources,base year is 2015
CP,Consumer Price Indices,21,Brazil,2010,2010,23013,"Consumer Prices, Food Indices (2015 = 100)",7001,January,,62.37157,X,International reliable sources,base year is 2015
CP,Consumer Price Indices,21,Brazil,2010,2010,23013,"Consumer Prices, Food Indices (2015 = 100)",7002,February,,62.9702,X,International reliable sources,base year is 2015
CP,Consumer Price Indices,21,Brazil,2010,2010,23013,"Consumer Prices, Food Indices (2015 = 100)",7003,March,,63.94629,X,International reliable sources,base year is 2015
CP,Consumer Price Indices,21,Brazil,2010,2010,23013,"Consumer Prices, Food Indices (2015 = 100)",7004,April,,64.87366,X,International reliable sources,base year is 2015
CP,Consumer Price Indices,21,Brazil,2010,2010,23013,"Consumer Prices, Food Indices (2015 = 100)",7005,May,,65.05517,X,International reliable sources,base year is 2015
CP,Consumer Price Indices,21,Brazil,2010,2010,23013,"Consumer Prices, Food Indices (2015 = 100)",7006,June,,64.46961,X,International reliable sources,base year is 2015
CP,Consumer Price Indices,21,Brazil,2010,2010,23013,"Consumer Prices, Food Indices (2015 = 100)",7007,July,,63.97966,X,International reliable sources,base year is 2015
CP,Consumer Price Indices,21,Brazil,2010,2010,23013,"Consumer Prices, Food Indices (2015 = 100)",7008,August,,63.82611,X,International reliable sources,base year is 2015
CP,Consumer Price Indices,21,Brazil,2010,2010,23013,"Consumer Prices, Food Indices (2015 = 100)",7009,September,,64.51561,X,International reliable sources,base year is 2015
CP,Consumer Price Indices,21,Brazil,2010,2010,23013,"Consumer Prices, Food Indices (2015 = 100)",7010,October,,65.73476,X,International reliable sources,base year is 2015
CP,Consumer Price Indices,21,Brazil,2010,2010,23013,"Consumer Prices, Food Indices (2015 = 100)",7011,November,,67.19425,X,International reliable sources,base year is 2015
CP,Consumer Price Indices,21,Brazil,2010,2010,23013,"Consumer Prices, Food Indices (2015 = 100)",7012,December,,68.08105,X,International reliable sources,base year is 2015
CP,Consumer Price Indices,21,Brazil,2010,2010,23014,Food price inflation,7001,January,%,3.559127,Fc,Calculated data,
CP,Consumer Price Indices,21,Brazil,2010,2010,23014,Food price inflation,7002,February,%,4.271629,Fc,Calculated data,
CP,Consumer Price Indices,21,Brazil,2010,2010,23014,Food price inflation,7003,March,%,5.571006,Fc,Calculated data,
CP,Consumer Price Indices,21,Brazil,2010,2010,23014,Food price inflation,7004,April,%,6.941614,Fc,Calculated data,
CP,Consumer Price Indices,21,Brazil,2010,2010,23014,Food price inflation,7005,May,%,6.771342,Fc,Calculated data,
CP,Consumer Price Indices,21,Brazil,2010,2010,23014,Food price inflation,7006,June,%,5.074611,Fc,Calculated data,
CP,Consumer Price Indices,21,Brazil,2010,2010,23014,Food price inflation,7007,July,%,4.338587,Fc,Calculated data,
CP,Consumer Price Indices,21,Brazil,2010,2010,23014,Food price inflation,7008,August,%,4.098498,Fc,Calculated data,
CP,Consumer Price Indices,21,Brazil,2010,2010,23014,Food price inflation,7009,September,%,5.370694,Fc,Calculated data,
CP,Consumer Price Indices,21,Brazil,2010,2010,23014,Food price inflation,7010,October,%,7.458832,Fc,Calculated data,
CP,Consumer Price Indices,21,Brazil,2010,2010,23014,Food price inflation,7011,November,%,9.211103,Fc,Calculated data,
CP,Consumer Price Indices,21,Brazil,2010,2010,23014,Food price inflation,7012,December,%,10.387448,Fc,Calculated data,
CP,Consumer Price Indices,21,Brazil,2011,2011,23014,Food price inflation,7012,December,%,7.193353,Fc,Calculated data,
CP,Consumer Price Indices,21,Brazil,2011,2011,23014,Food price inflation,7011,November,%,7.288302,Fc,Calculated data,
CP,Consumer Price Indices,21,Brazil,2011,2011,23014,Food price inflation,7010,October,%,8.498685,Fc,Calculated data,
CP,Consumer Price Indices,21,Brazil,2011,2011,23014,Food price inflation,7009,September,%,9.933177,Fc,Calculated data,
CP,Consumer Price Indices,21,Brazil,2011,2011,23014,Food price inflation,7008,August,%,10.414233,Fc,Calculated data,
CP,Consumer Price Indices,21,Brazil,2011,2011,23014,Food price inflation,7007,July,%,9.361944,Fc,Calculated data,
CP,Consumer Price Indices,21,Brazil,2011,2011,23014,Food price inflation,7006,June,%,8.900845,Fc,Calculated data,
CP,Consumer Price Indices,21,Brazil,2011,2011,23014,Food price inflation,7005,May,%,8.202069,Fc,Calculated data,
CP,Consumer Price Indices,21,Brazil,2011,2011,23014,Food price inflation,7004,April,%,7.825672,Fc,Calculated data,
CP,Consumer Price Indices,21,Brazil,2011,2011,23014,Food price inflation,7003,March,%,8.758585,Fc,Calculated data,
CP,Consumer Price Indices,21,Brazil,2011,2011,23014,Food price inflation,7002,February,%,9.621964,Fc,Calculated data,
CP,Consumer Price Indices,21,Brazil,2011,2011,23014,Food price inflation,7001,January,%,10.420325,Fc,Calculated data,
CP,Consumer Price Indices,21,Brazil,2011,2011,23013,"Consumer Prices, Food Indices (2015 = 100)",7012,December,,72.97836,X,International reliable sources,base year is 2015
CP,Consumer Price Indices,21,Brazil,2011,2011,23013,"Consumer Prices, Food Indices (2015 = 100)",7011,November,,72.09157,X,International reliable sources,base year is 2015
CP,Consumer Price Indices,21,Brazil,2011,2011,23013,"Consumer Prices, Food Indices (2015 = 100)",7010,October,,71.32135,X,International reliable sources,base year is 2015
CP,Consumer Price Indices,21,Brazil,2011,2011,23013,"Consumer Prices, Food Indices (2015 = 100)",7009,September,,70.92406,X,International reliable sources,base year is 2015
CP,Consumer Price Indices,21,Brazil,2011,2011,23013,"Consumer Prices, Food Indices (2015 = 100)",7008,August,,70.47311,X,International reliable sources,base year is 2015
CP,Consumer Price Indices,21,Brazil,2011,2011,23013,"Consumer Prices, Food Indices (2015 = 100)",7007,July,,69.9694,X,International reliable sources,base year is 2015
CP,Consumer Price Indices,21,Brazil,2011,2011,23013,"Consumer Prices, Food Indices (2015 = 100)",7006,June,,70.20795,X,International reliable sources,base year is 2015
CP,Consumer Price Indices,21,Brazil,2011,2011,23013,"Consumer Prices, Food Indices (2015 = 100)",7005,May,,70.39104,X,International reliable sources,base year is 2015
CP,Consumer Price Indices,21,Brazil,2011,2011,23013,"Consumer Prices, Food Indices (2015 = 100)",7004,April,,69.95046,X,International reliable sources,base year is 2015
CP,Consumer Price Indices,21,Brazil,2011,2011,23013,"Consumer Prices, Food Indices (2015 = 100)",7003,March,,69.54708,X,International reliable sources,base year is 2015
CP,Consumer Price Indices,21,Brazil,2011,2011,23013,"Consumer Prices, Food Indices (2015 = 100)",7002,February,,69.02917,X,International reliable sources,base year is 2015
CP,Consumer Price Indices,21,Brazil,2011,2011,23013,"Consumer Prices, Food Indices (2015 = 100)",7001,January,,68.87089,X,International reliable sources,base year is 2015
CP,Consumer Price Indices,21,Brazil,2011,2011,23012,"Consumer Prices, General Indices (2015 = 100)",7012,December,,78.97067,X,International reliable sources,base year is 2015
CP,Consumer Price Indices,21,Brazil,2011,2011,23012,"Consumer Prices, General Indices (2015 = 100)",7011,November,,78.57787,X,International reliable sources,base year is 2015
CP,Consumer Price Indices,21,Brazil,2011,2011,23012,"Consumer Prices, General Indices (2015 = 100)",7010,October,,78.17139,X,International reliable sources,base year is 2015
CP,Consumer Price Indices,21,Brazil,2011,2011,23012,"Consumer Prices, General Indices (2015 = 100)",7009,September,,77.83659,X,International reliable sources,base year is 2015
CP,Consumer Price Indices,21,Brazil,2011,2011,23012,"Consumer Prices, General Indices (2015 = 100)",7008,August,,77.42616,X,International reliable sources,base year is 2015
CP,Consumer Price Indices,21,Brazil,2011,2011,23012,"Consumer Prices, General Indices (2015 = 100)",7007,July,,77.14079,X,International reliable sources,base year is 2015
CP,Consumer Price Indices,21,Brazil,2011,2011,23012,"Consumer Prices, General Indices (2015 = 100)",7006,June,,77.01759,X,International reliable sources,base year is 2015
CP,Consumer Price Indices,21,Brazil,2011,2011,23012,"Consumer Prices, General Indices (2015 = 100)",7005,May,,76.90228,X,International reliable sources,base year is 2015
CP,Consumer Price Indices,21,Brazil,2011,2011,23012,"Consumer Prices, General Indices (2015 = 100)",7004,April,,76.54243,X,International reliable sources,base year is 2015
CP,Consumer Price Indices,21,Brazil,2011,2011,23012,"Consumer Prices, General Indices (2015 = 100)",7003,March,,75.95753,X,International reliable sources,base year is 2015
CP,Consumer Price Indices,21,Brazil,2011,2011,23012,"Consumer Prices, General Indices (2015 = 100)",7002,February,,75.36218,X,International reliable sources,base year is 2015
CP,Consumer Price Indices,21,Brazil,2011,2011,23012,"Consumer Prices, General Indices (2015 = 100)",7001,January,,74.76406,X,International reliable sources,base year is 2015
CP,Consumer Price Indices,21,Brazil,2012,2012,23012,"Consumer Prices, General Indices (2015 = 100)",7001,January,,79.41289,X,International reliable sources,base year is 2015
CP,Consumer Price Indices,21,Brazil,2012,2012,23012,"Consumer Prices, General Indices (2015 = 100)",7002,February,,79.77019,X,International reliable sources,base year is 2015
CP,Consumer Price Indices,21,Brazil,2012,2012,23012,"Consumer Prices, General Indices (2015 = 100)",7003,March,,79.9377,X,International reliable sources,base year is 2015
CP,Consumer Price Indices,21,Brazil,2012,2012,23012,"Consumer Prices, General Indices (2015 = 100)",7004,April,,80.44929,X,International reliable sources,base year is 2015
CP,Consumer Price Indices,21,Brazil,2012,2012,23012,"Consumer Prices, General Indices (2015 = 100)",7005,May,,80.73884,X,International reliable sources,base year is 2015
CP,Consumer Price Indices,21,Brazil,2012,2012,23012,"Consumer Prices, General Indices (2015 = 100)",7006,June,,80.80334,X,International reliable sources,base year is 2015
CP,Consumer Price Indices,21,Brazil,2012,2012,23012,"Consumer Prices, General Indices (2015 = 100)",7007,July,,81.15089,X,International reliable sources,base year is 2015
CP,Consumer Price Indices,21,Brazil,2012,2012,23012,"Consumer Prices, General Indices (2015 = 100)",7008,August,,81.4836,X,International reliable sources,base year is 2015
CP,Consumer Price Indices,21,Brazil,2012,2012,23012,"Consumer Prices, General Indices (2015 = 100)",7009,September,,81.94808,X,International reliable sources,base year is 2015
CP,Consumer Price Indices,21,Brazil,2012,2012,23012,"Consumer Prices, General Indices (2015 = 100)",7010,October,,82.43159,X,International reliable sources,base year is 2015
CP,Consumer Price Indices,21,Brazil,2012,2012,23012,"Consumer Prices, General Indices (2015 = 100)",7011,November,,82.92625,X,International reliable sources,base year is 2015
CP,Consumer Price Indices,21,Brazil,2012,2012,23012,"Consumer Prices, General Indices (2015 = 100)",7012,December,,83.58145,X,International reliable sources,base year is 2015
CP,Consumer Price Indices,21,Brazil,2012,2012,23013,"Consumer Prices, Food Indices (2015 = 100)",7001,January,,73.60609,X,International reliable sources,base year is 2015
CP,Consumer Price Indices,21,Brazil,2012,2012,23013,"Consumer Prices, Food Indices (2015 = 100)",7002,February,,73.74588,X,International reliable sources,base year is 2015
CP,Consumer Price Indices,21,Brazil,2012,2012,23013,"Consumer Prices, Food Indices (2015 = 100)",7003,March,,73.93032,X,International reliable sources,base year is 2015
CP,Consumer Price Indices,21,Brazil,2012,2012,23013,"Consumer Prices, Food Indices (2015 = 100)",7004,April,,74.30731,X,International reliable sources,base year is 2015
CP,Consumer Price Indices,21,Brazil,2012,2012,23013,"Consumer Prices, Food Indices (2015 = 100)",7005,May,,74.84981,X,International reliable sources,base year is 2015
CP,Consumer Price Indices,21,Brazil,2012,2012,23013,"Consumer Prices, Food Indices (2015 = 100)",7006,June,,75.3587,X,International reliable sources,base year is 2015
CP,Consumer Price Indices,21,Brazil,2012,2012,23013,"Consumer Prices, Food Indices (2015 = 100)",7007,July,,76.04437,X,International reliable sources,base year is 2015
CP,Consumer Price Indices,21,Brazil,2012,2012,23013,"Consumer Prices, Food Indices (2015 = 100)",7008,August,,76.71358,X,International reliable sources,base year is 2015
CP,Consumer Price Indices,21,Brazil,2012,2012,23013,"Consumer Prices, Food Indices (2015 = 100)",7009,September,,77.68019,X,International reliable sources,base year is 2015
CP,Consumer Price Indices,21,Brazil,2012,2012,23013,"Consumer Prices, Food Indices (2015 = 100)",7010,October,,78.73654,X,International reliable sources,base year is 2015
CP,Consumer Price Indices,21,Brazil,2012,2012,23013,"Consumer Prices, Food Indices (2015 = 100)",7011,November,,79.35863,X,International reliable sources,base year is 2015
CP,Consumer Price Indices,21,Brazil,2012,2012,23013,"Consumer Prices, Food Indices (2015 = 100)",7012,December,,80.17597,X,International reliable sources,base year is 2015
CP,Consumer Price Indices,21,Brazil,2012,2012,23014,Food price inflation,7001,January,%,6.875474,Fc,Calculated data,
CP,Consumer Price Indices,21,Brazil,2012,2012,23014,Food price inflation,7002,February,%,6.832923,Fc,Calculated data,
CP,Consumer Price Indices,21,Brazil,2012,2012,23014,Food price inflation,7003,March,%,6.302551,Fc,Calculated data,
CP,Consumer Price Indices,21,Brazil,2012,2012,23014,Food price inflation,7004,April,%,6.228479,Fc,Calculated data,
CP,Consumer Price Indices,21,Brazil,2012,2012,23014,Food price inflation,7005,May,%,6.334286,Fc,Calculated data,
CP,Consumer Price Indices,21,Brazil,2012,2012,23014,Food price inflation,7006,June,%,7.33642,Fc,Calculated data,
CP,Consumer Price Indices,21,Brazil,2012,2012,23014,Food price inflation,7007,July,%,8.682324,Fc,Calculated data,
CP,Consumer Price Indices,21,Brazil,2012,2012,23014,Food price inflation,7008,August,%,8.855108,Fc,Calculated data,
CP,Consumer Price Indices,21,Brazil,2012,2012,23014,Food price inflation,7009,September,%,9.525865,Fc,Calculated data,
CP,Consumer Price Indices,21,Brazil,2012,2012,23014,Food price inflation,7010,October,%,10.396873,Fc,Calculated data,
CP,Consumer Price Indices,21,Brazil,2012,2012,23014,Food price inflation,7011,November,%,10.080319,Fc,Calculated data,
CP,Consumer Price Indices,21,Brazil,2012,2012,23014,Food price inflation,7012,December,%,9.862663,Fc,Calculated data,
CP,Consumer Price Indices,21,Brazil,2013,2013,23014,Food price inflation,7012,December,%,8.47754,Fc,Calculated data,
CP,Consumer Price Indices,21,Brazil,2013,2013,23014,Food price inflation,7011,November,%,8.627921,Fc,Calculated data,
CP,Consumer Price Indices,21,Brazil,2013,2013,23014,Food price inflation,7010,October,%,8.876501,Fc,Calculated data,
CP,Consumer Price Indices,21,Brazil,2013,2013,23014,Food price inflation,7009,September,%,9.232032,Fc,Calculated data,
CP,Consumer Price Indices,21,Brazil,2013,2013,23014,Food price inflation,7008,August,%,10.453781,Fc,Calculated data,
CP,Consumer Price Indices,21,Brazil,2013,2013,23014,Food price inflation,7007,July,%,11.414533,Fc,Calculated data,
CP,Consumer Price Indices,21,Brazil,2013,2013,23014,Food price inflation,7006,June,%,12.800473,Fc,Calculated data,
CP,Consumer Price Indices,21,Brazil,2013,2013,23014,Food price inflation,7005,May,%,13.521891,Fc,Calculated data,
CP,Consumer Price Indices,21,Brazil,2013,2013,23014,Food price inflation,7004,April,%,13.997196,Fc,Calculated data,
CP,Consumer Price Indices,21,Brazil,2013,2013,23014,Food price inflation,7003,March,%,13.489094,Fc,Calculated data,
CP,Consumer Price Indices,21,Brazil,2013,2013,23014,Food price inflation,7002,February,%,12.490637,Fc,Calculated data,
CP,Consumer Price Indices,21,Brazil,2013,2013,23014,Food price inflation,7001,January,%,11.093308,Fc,Calculated data,
CP,Consumer Price Indices,21,Brazil,2013,2013,23013,"Consumer Prices, Food Indices (2015 = 100)",7012,December,,86.97292,X,International reliable sources,base year is 2015
CP,Consumer Price Indices,21,Brazil,2013,2013,23013,"Consumer Prices, Food Indices (2015 = 100)",7011,November,,86.20563,X,International reliable sources,base year is 2015
CP,Consumer Price Indices,21,Brazil,2013,2013,23013,"Consumer Prices, Food Indices (2015 = 100)",7010,October,,85.72559,X,International reliable sources,base year is 2015
CP,Consumer Price Indices,21,Brazil,2013,2013,23013,"Consumer Prices, Food Indices (2015 = 100)",7009,September,,84.85165,X,International reliable sources,base year is 2015
CP,Consumer Price Indices,21,Brazil,2013,2013,23013,"Consumer Prices, Food Indices (2015 = 100)",7008,August,,84.73305,X,International reliable sources,base year is 2015
CP,Consumer Price Indices,21,Brazil,2013,2013,23013,"Consumer Prices, Food Indices (2015 = 100)",7007,July,,84.72448,X,International reliable sources,base year is 2015
CP,Consumer Price Indices,21,Brazil,2013,2013,23013,"Consumer Prices, Food Indices (2015 = 100)",7006,June,,85.00497,X,International reliable sources,base year is 2015
CP,Consumer Price Indices,21,Brazil,2013,2013,23013,"Consumer Prices, Food Indices (2015 = 100)",7005,May,,84.97092,X,International reliable sources,base year is 2015
CP,Consumer Price Indices,21,Brazil,2013,2013,23013,"Consumer Prices, Food Indices (2015 = 100)",7004,April,,84.70825,X,International reliable sources,base year is 2015
CP,Consumer Price Indices,21,Brazil,2013,2013,23013,"Consumer Prices, Food Indices (2015 = 100)",7003,March,,83.90285,X,International reliable sources,base year is 2015
CP,Consumer Price Indices,21,Brazil,2013,2013,23013,"Consumer Prices, Food Indices (2015 = 100)",7002,February,,82.95721,X,International reliable sources,base year is 2015
CP,Consumer Price Indices,21,Brazil,2013,2013,23013,"Consumer Prices, Food Indices (2015 = 100)",7001,January,,81.77144,X,International reliable sources,base year is 2015
CP,Consumer Price Indices,21,Brazil,2013,2013,23012,"Consumer Prices, General Indices (2015 = 100)",7012,December,,88.52168,X,International reliable sources,base year is 2015
CP,Consumer Price Indices,21,Brazil,2013,2013,23012,"Consumer Prices, General Indices (2015 = 100)",7011,November,,87.71474,X,International reliable sources,base year is 2015
CP,Consumer Price Indices,21,Brazil,2013,2013,23012,"Consumer Prices, General Indices (2015 = 100)",7010,October,,87.24353,X,International reliable sources,base year is 2015
CP,Consumer Price Indices,21,Brazil,2013,2013,23012,"Consumer Prices, General Indices (2015 = 100)",7009,September,,86.74911,X,International reliable sources,base year is 2015
CP,Consumer Price Indices,21,Brazil,2013,2013,23012,"Consumer Prices, General Indices (2015 = 100)",7008,August,,86.44656,X,International reliable sources,base year is 2015
CP,Consumer Price Indices,21,Brazil,2013,2013,23012,"Consumer Prices, General Indices (2015 = 100)",7007,July,,86.23961,X,International reliable sources,base year is 2015
CP,Consumer Price Indices,21,Brazil,2013,2013,23012,"Consumer Prices, General Indices (2015 = 100)",7006,June,,86.21386,X,International reliable sources,base year is 2015
CP,Consumer Price Indices,21,Brazil,2013,2013,23012,"Consumer Prices, General Indices (2015 = 100)",7005,May,,85.9902,X,International reliable sources,base year is 2015
CP,Consumer Price Indices,21,Brazil,2013,2013,23012,"Consumer Prices, General Indices (2015 = 100)",7004,April,,85.67327,X,International reliable sources,base year is 2015
CP,Consumer Price Indices,21,Brazil,2013,2013,23012,"Consumer Prices, General Indices (2015 = 100)",7003,March,,85.20461,X,International reliable sources,base year is 2015
CP,Consumer Price Indices,21,Brazil,2013,2013,23012,"Consumer Prices, General Indices (2015 = 100)",7002,February,,84.80601,X,International reliable sources,base year is 2015
CP,Consumer Price Indices,21,Brazil,2013,2013,23012,"Consumer Prices, General Indices (2015 = 100)",7001,January,,84.30022,X,International reliable sources,base year is 2015
CP,Consumer Price Indices,21,Brazil,2014,2014,23012,"Consumer Prices, General Indices (2015 = 100)",7001,January,,89.00845,X,International reliable sources,base year is 2015
CP,Consumer Price Indices,21,Brazil,2014,2014,23012,"Consumer Prices, General Indices (2015 = 100)",7002,February,,89.62258,X,International reliable sources,base year is 2015
CP,Consumer Price Indices,21,Brazil,2014,2014,23012,"Consumer Prices, General Indices (2015 = 100)",7003,March,,90.44715,X,International reliable sources,base year is 2015
CP,Consumer Price Indices,21,Brazil,2014,2014,23012,"Consumer Prices, General Indices (2015 = 100)",7004,April,,91.05317,X,International reliable sources,base year is 2015
CP,Consumer Price Indices,21,Brazil,2014,2014,23012,"Consumer Prices, General Indices (2015 = 100)",7005,May,,91.47195,X,International reliable sources,base year is 2015
CP,Consumer Price Indices,21,Brazil,2014,2014,23012,"Consumer Prices, General Indices (2015 = 100)",7006,June,,91.83783,X,International reliable sources,base year is 2015
CP,Consumer Price Indices,21,Brazil,2014,2014,23012,"Consumer Prices, General Indices (2015 = 100)",7007,July,,91.84711,X,International reliable sources,base year is 2015
CP,Consumer Price Indices,21,Brazil,2014,2014,23012,"Consumer Prices, General Indices (2015 = 100)",7008,August,,92.07681,X,International reliable sources,base year is 2015
CP,Consumer Price Indices,21,Brazil,2014,2014,23012,"Consumer Prices, General Indices (2015 = 100)",7009,September,,92.60162,X,International reliable sources,base year is 2015
CP,Consumer Price Indices,21,Brazil,2014,2014,23012,"Consumer Prices, General Indices (2015 = 100)",7010,October,,92.99047,X,International reliable sources,base year is 2015
CP,Consumer Price Indices,21,Brazil,2014,2014,23012,"Consumer Prices, General Indices (2015 = 100)",7011,November,,93.4647,X,International reliable sources,base year is 2015
CP,Consumer Price Indices,21,Brazil,2014,2014,23012,"Consumer Prices, General Indices (2015 = 100)",7012,December,,94.19368,X,International reliable sources,base year is 2015
CP,Consumer Price Indices,21,Brazil,2014,2014,23013,"Consumer Prices, Food Indices (2015 = 100)",7001,January,,87.70346,X,International reliable sources,base year is 2015
CP,Consumer Price Indices,21,Brazil,2014,2014,23013,"Consumer Prices, Food Indices (2015 = 100)",7002,February,,88.19454,X,International reliable sources,base year is 2015
CP,Consumer Price Indices,21,Brazil,2014,2014,23013,"Consumer Prices, Food Indices (2015 = 100)",7003,March,,89.88786,X,International reliable sources,base year is 2015
CP,Consumer Price Indices,21,Brazil,2014,2014,23013,"Consumer Prices, Food Indices (2015 = 100)",7004,April,,90.95751,X,International reliable sources,base year is 2015
CP,Consumer Price Indices,21,Brazil,2014,2014,23013,"Consumer Prices, Food Indices (2015 = 100)",7005,May,,91.48512,X,International reliable sources,base year is 2015
CP,Consumer Price Indices,21,Brazil,2014,2014,23013,"Consumer Prices, Food Indices (2015 = 100)",7006,June,,91.38456,X,International reliable sources,base year is 2015
CP,Consumer Price Indices,21,Brazil,2014,2014,23013,"Consumer Prices, Food Indices (2015 = 100)",7007,July,,91.24747,X,International reliable sources,base year is 2015
CP,Consumer Price Indices,21,Brazil,2014,2014,23013,"Consumer Prices, Food Indices (2015 = 100)",7008,August,,91.11061,X,International reliable sources,base year is 2015
CP,Consumer Price Indices,21,Brazil,2014,2014,23013,"Consumer Prices, Food Indices (2015 = 100)",7009,September,,91.8213,X,International reliable sources,base year is 2015
CP,Consumer Price Indices,21,Brazil,2014,2014,23013,"Consumer Prices, Food Indices (2015 = 100)",7010,October,,92.24362,X,International reliable sources,base year is 2015
CP,Consumer Price Indices,21,Brazil,2014,2014,23013,"Consumer Prices, Food Indices (2015 = 100)",7011,November,,92.95387,X,International reliable sources,base year is 2015
CP,Consumer Price Indices,21,Brazil,2014,2014,23013,"Consumer Prices, Food Indices (2015 = 100)",7012,December,,93.95769,X,International reliable sources,base year is 2015
CP,Consumer Price Indices,21,Brazil,2014,2014,23014,Food price inflation,7001,January,%,7.254391,Fc,Calculated data,
CP,Consumer Price Indices,21,Brazil,2014,2014,23014,Food price inflation,7002,February,%,6.313291,Fc,Calculated data,
CP,Consumer Price Indices,21,Brazil,2014,2014,23014,Food price inflation,7003,March,%,7.133262,Fc,Calculated data,
CP,Consumer Price Indices,21,Brazil,2014,2014,23014,Food price inflation,7004,April,%,7.377392,Fc,Calculated data,
CP,Consumer Price Indices,21,Brazil,2014,2014,23014,Food price inflation,7005,May,%,7.666388,Fc,Calculated data,
CP,Consumer Price Indices,21,Brazil,2014,2014,23014,Food price inflation,7006,June,%,7.504961,Fc,Calculated data,
CP,Consumer Price Indices,21,Brazil,2014,2014,23014,Food price inflation,7007,July,%,7.699062,Fc,Calculated data,
CP,Consumer Price Indices,21,Brazil,2014,2014,23014,Food price inflation,7008,August,%,7.52665,Fc,Calculated data,
CP,Consumer Price Indices,21,Brazil,2014,2014,23014,Food price inflation,7009,September,%,8.213924,Fc,Calculated data,
CP,Consumer Price Indices,21,Brazil,2014,2014,23014,Food price inflation,7010,October,%,7.603366,Fc,Calculated data,
CP,Consumer Price Indices,21,Brazil,2014,2014,23014,Food price inflation,7011,November,%,7.828073,Fc,Calculated data,
CP,Consumer Price Indices,21,Brazil,2014,2014,23014,Food price inflation,7012,December,%,8.030971,Fc,Calculated data,
CP,Consumer Price Indices,21,Brazil,2015,2015,23014,Food price inflation,7012,December,%,12.008075,Fc,Calculated data,
CP,Consumer Price Indices,21,Brazil,2015,2015,23014,Food price inflation,7011,November,%,11.544468,Fc,Calculated data,
CP,Consumer Price Indices,21,Brazil,2015,2015,23014,Food price inflation,7010,October,%,10.383352,Fc,Calculated data,
CP,Consumer Price Indices,21,Brazil,2015,2015,23014,Food price inflation,7009,September,%,10.043639,Fc,Calculated data,
CP,Consumer Price Indices,21,Brazil,2015,2015,23014,Food price inflation,7008,August,%,10.636401,Fc,Calculated data,
CP,Consumer Price Indices,21,Brazil,2015,2015,23014,Food price inflation,7007,July,%,10.481639,Fc,Calculated data,
CP,Consumer Price Indices,21,Brazil,2015,2015,23014,Food price inflation,7006,June,%,9.603526,Fc,Calculated data,
CP,Consumer Price Indices,21,Brazil,2015,2015,23014,Food price inflation,7005,May,%,8.797671,Fc,Calculated data,
CP,Consumer Price Indices,21,Brazil,2015,2015,23014,Food price inflation,7004,April,%,7.949855,Fc,Calculated data,
CP,Consumer Price Indices,21,Brazil,2015,2015,23014,Food price inflation,7003,March,%,8.184921,Fc,Calculated data,
CP,Consumer Price Indices,21,Brazil,2015,2015,23014,Food price inflation,7002,February,%,8.986838,Fc,Calculated data,
CP,Consumer Price Indices,21,Brazil,2015,2015,23014,Food price inflation,7001,January,%,8.716566,Fc,Calculated data,
CP,Consumer Price Indices,21,Brazil,2015,2015,23013,"Consumer Prices, Food Indices (2015 = 100)",7012,December,,105.2402,X,International reliable sources,base year is 2015
CP,Consumer Price Indices,21,Brazil,2015,2015,23013,"Consumer Prices, Food Indices (2015 = 100)",7011,November,,103.6849,X,International reliable sources,base year is 2015
CP,Consumer Price Indices,21,Brazil,2015,2015,23013,"Consumer Prices, Food Indices (2015 = 100)",7010,October,,101.8216,X,International reliable sources,base year is 2015
CP,Consumer Price Indices,21,Brazil,2015,2015,23013,"Consumer Prices, Food Indices (2015 = 100)",7009,September,,101.0435,X,International reliable sources,base year is 2015
CP,Consumer Price Indices,21,Brazil,2015,2015,23013,"Consumer Prices, Food Indices (2015 = 100)",7008,August,,100.8015,X,International reliable sources,base year is 2015
CP,Consumer Price Indices,21,Brazil,2015,2015,23013,"Consumer Prices, Food Indices (2015 = 100)",7007,July,,100.8117,X,International reliable sources,base year is 2015
CP,Consumer Price Indices,21,Brazil,2015,2015,23013,"Consumer Prices, Food Indices (2015 = 100)",7006,June,,100.1607,X,International reliable sources,base year is 2015
CP,Consumer Price Indices,21,Brazil,2015,2015,23013,"Consumer Prices, Food Indices (2015 = 100)",7005,May,,99.53368,X,International reliable sources,base year is 2015
CP,Consumer Price Indices,21,Brazil,2015,2015,23013,"Consumer Prices, Food Indices (2015 = 100)",7004,April,,98.1885,X,International reliable sources,base year is 2015
CP,Consumer Price Indices,21,Brazil,2015,2015,23013,"Consumer Prices, Food Indices (2015 = 100)",7003,March,,97.24511,X,International reliable sources,base year is 2015
CP,Consumer Price Indices,21,Brazil,2015,2015,23013,"Consumer Prices, Food Indices (2015 = 100)",7002,February,,96.12044,X,International reliable sources,base year is 2015
CP,Consumer Price Indices,21,Brazil,2015,2015,23013,"Consumer Prices, Food Indices (2015 = 100)",7001,January,,95.34819,X,International reliable sources,base year is 2015
CP,Consumer Price Indices,21,Brazil,2015,2015,23012,"Consumer Prices, General Indices (2015 = 100)",7012,December,,104.247,X,International reliable sources,base year is 2015
CP,Consumer Price Indices,21,Brazil,2015,2015,23012,"Consumer Prices, General Indices (2015 = 100)",7011,November,,103.2558,X,International reliable sources,base year is 2015
CP,Consumer Price Indices,21,Brazil,2015,2015,23012,"Consumer Prices, General Indices (2015 = 100)",7010,October,,102.2234,X,International reliable sources,base year is 2015
CP,Consumer Price Indices,21,Brazil,2015,2015,23012,"Consumer Prices, General Indices (2015 = 100)",7009,September,,101.3921,X,International reliable sources,base year is 2015
CP,Consumer Price Indices,21,Brazil,2015,2015,23012,"Consumer Prices, General Indices (2015 = 100)",7008,August,,100.8476,X,International reliable sources,base year is 2015
CP,Consumer Price Indices,21,Brazil,2015,2015,23012,"Consumer Prices, General Indices (2015 = 100)",7007,July,,100.6262,X,International reliable sources,base year is 2015
CP,Consumer Price Indices,21,Brazil,2015,2015,23012,"Consumer Prices, General Indices (2015 = 100)",7006,June,,100.0063,X,International reliable sources,base year is 2015
CP,Consumer Price Indices,21,Brazil,2015,2015,23012,"Consumer Prices, General Indices (2015 = 100)",7005,May,,99.22231,X,International reliable sources,base year is 2015
CP,Consumer Price Indices,21,Brazil,2015,2015,23012,"Consumer Prices, General Indices (2015 = 100)",7004,April,,98.49356,X,International reliable sources,base year is 2015
CP,Consumer Price Indices,21,Brazil,2015,2015,23012,"Consumer Prices, General Indices (2015 = 100)",7003,March,,97.79915,X,International reliable sources,base year is 2015
CP,Consumer Price Indices,21,Brazil,2015,2015,23012,"Consumer Prices, General Indices (2015 = 100)",7002,February,,96.52494,X,International reliable sources,base year is 2015
CP,Consumer Price Indices,21,Brazil,2015,2015,23012,"Consumer Prices, General Indices (2015 = 100)",7001,January,,95.36163,X,International reliable sources,base year is 2015
CP,Consumer Price Indices,21,Brazil,2016,2016,23012,"Consumer Prices, General Indices (2015 = 100)",7001,January,,105.5709,X,International reliable sources,base year is 2015
CP,Consumer Price Indices,21,Brazil,2016,2016,23012,"Consumer Prices, General Indices (2015 = 100)",7002,February,,106.521,X,International reliable sources,base year is 2015
CP,Consumer Price Indices,21,Brazil,2016,2016,23012,"Consumer Prices, General Indices (2015 = 100)",7003,March,,106.9789,X,International reliable sources,base year is 2015
CP,Consumer Price Indices,21,Brazil,2016,2016,23012,"Consumer Prices, General Indices (2015 = 100)",7004,April,,107.6316,X,International reliable sources,base year is 2015
CP,Consumer Price Indices,21,Brazil,2016,2016,23012,"Consumer Prices, General Indices (2015 = 100)",7005,May,,108.471,X,International reliable sources,base year is 2015
CP,Consumer Price Indices,21,Brazil,2016,2016,23012,"Consumer Prices, General Indices (2015 = 100)",7006,June,,108.8506,X,International reliable sources,base year is 2015
CP,Consumer Price Indices,21,Brazil,2016,2016,23012,"Consumer Prices, General Indices (2015 = 100)",7007,July,,109.4167,X,International reliable sources,base year is 2015
CP,Consumer Price Indices,21,Brazil,2016,2016,23012,"Consumer Prices, General Indices (2015 = 100)",7008,August,,109.8981,X,International reliable sources,base year is 2015
CP,Consumer Price Indices,21,Brazil,2016,2016,23012,"Consumer Prices, General Indices (2015 = 100)",7009,September,,109.9861,X,International reliable sources,base year is 2015
CP,Consumer Price Indices,21,Brazil,2016,2016,23012,"Consumer Prices, General Indices (2015 = 100)",7010,October,,110.2721,X,International reliable sources,base year is 2015
CP,Consumer Price Indices,21,Brazil,2016,2016,23012,"Consumer Prices, General Indices (2015 = 100)",7011,November,,110.4707,X,International reliable sources,base year is 2015
CP,Consumer Price Indices,21,Brazil,2016,2016,23012,"Consumer Prices, General Indices (2015 = 100)",7012,December,,110.802,X,International reliable sources,base year is 2015
CP,Consumer Price Indices,21,Brazil,2016,2016,23013,"Consumer Prices, Food Indices (2015 = 100)",7001,January,,107.6397,X,International reliable sources,base year is 2015
CP,Consumer Price Indices,21,Brazil,2016,2016,23013,"Consumer Prices, Food Indices (2015 = 100)",7002,February,,108.7806,X,International reliable sources,base year is 2015
CP,Consumer Price Indices,21,Brazil,2016,2016,23013,"Consumer Prices, Food Indices (2015 = 100)",7003,March,,110.1294,X,International reliable sources,base year is 2015
CP,Consumer Price Indices,21,Brazil,2016,2016,23013,"Consumer Prices, Food Indices (2015 = 100)",7004,April,,111.3299,X,International reliable sources,base year is 2015
CP,Consumer Price Indices,21,Brazil,2016,2016,23013,"Consumer Prices, Food Indices (2015 = 100)",7005,May,,112.1982,X,International reliable sources,base year is 2015
CP,Consumer Price Indices,21,Brazil,2016,2016,23013,"Consumer Prices, Food Indices (2015 = 100)",7006,June,,112.9948,X,International reliable sources,base year is 2015
CP,Consumer Price Indices,21,Brazil,2016,2016,23013,"Consumer Prices, Food Indices (2015 = 100)",7007,July,,114.4863,X,International reliable sources,base year is 2015
CP,Consumer Price Indices,21,Brazil,2016,2016,23013,"Consumer Prices, Food Indices (2015 = 100)",7008,August,,114.8297,X,International reliable sources,base year is 2015
CP,Consumer Price Indices,21,Brazil,2016,2016,23013,"Consumer Prices, Food Indices (2015 = 100)",7009,September,,114.4967,X,International reliable sources,base year is 2015
CP,Consumer Price Indices,21,Brazil,2016,2016,23013,"Consumer Prices, Food Indices (2015 = 100)",7010,October,,114.4394,X,International reliable sources,base year is 2015
CP,Consumer Price Indices,21,Brazil,2016,2016,23013,"Consumer Prices, Food Indices (2015 = 100)",7011,November,,114.2105,X,International reliable sources,base year is 2015
CP,Consumer Price Indices,21,Brazil,2016,2016,23013,"Consumer Prices, Food Indices (2015 = 100)",7012,December,,114.3018,X,International reliable sources,base year is 2015
CP,Consumer Price Indices,21,Brazil,2016,2016,23014,Food price inflation,7001,January,%,12.891183,Fc,Calculated data,
CP,Consumer Price Indices,21,Brazil,2016,2016,23014,Food price inflation,7002,February,%,13.171142,Fc,Calculated data,
CP,Consumer Price Indices,21,Brazil,2016,2016,23014,Food price inflation,7003,March,%,13.249293,Fc,Calculated data,
CP,Consumer Price Indices,21,Brazil,2016,2016,23014,Food price inflation,7004,April,%,13.383848,Fc,Calculated data,
CP,Consumer Price Indices,21,Brazil,2016,2016,23014,Food price inflation,7005,May,%,12.723854,Fc,Calculated data,
CP,Consumer Price Indices,21,Brazil,2016,2016,23014,Food price inflation,7006,June,%,12.813509,Fc,Calculated data,
CP,Consumer Price Indices,21,Brazil,2016,2016,23014,Food price inflation,7007,July,%,13.564497,Fc,Calculated data,
CP,Consumer Price Indices,21,Brazil,2016,2016,23014,Food price inflation,7008,August,%,13.916658,Fc,Calculated data,
CP,Consumer Price Indices,21,Brazil,2016,2016,23014,Food price inflation,7009,September,%,13.314266,Fc,Calculated data,
CP,Consumer Price Indices,21,Brazil,2016,2016,23014,Food price inflation,7010,October,%,12.392066,Fc,Calculated data,
CP,Consumer Price Indices,21,Brazil,2016,2016,23014,Food price inflation,7011,November,%,10.151526,Fc,Calculated data,
CP,Consumer Price Indices,21,Brazil,2016,2016,23014,Food price inflation,7012,December,%,8.610398,Fc,Calculated data,
CP,Consumer Price Indices,21,Brazil,2017,2017,23014,Food price inflation,7012,December,%,-1.868037,Fc,Calculated data,
CP,Consumer Price Indices,21,Brazil,2017,2017,23014,Food price inflation,7011,November,%,-2.317125,Fc,Calculated data,
CP,Consumer Price Indices,21,Brazil,2017,2017,23014,Food price inflation,7010,October,%,-2.140696,Fc,Calculated data,
CP,Consumer Price Indices,21,Brazil,2017,2017,23014,Food price inflation,7009,September,%,-2.140848,Fc,Calculated data,
CP,Consumer Price Indices,21,Brazil,2017,2017,23014,Food price inflation,7008,August,%,-2.022909,Fc,Calculated data,
CP,Consumer Price Indices,21,Brazil,2017,2017,23014,Food price inflation,7007,July,%,-0.666106,Fc,Calculated data,
CP,Consumer Price Indices,21,Brazil,2017,2017,23014,Food price inflation,7006,June,%,1.120406,Fc,Calculated data,
CP,Consumer Price Indices,21,Brazil,2017,2017,23014,Food price inflation,7005,May,%,2.350216,Fc,Calculated data,
CP,Consumer Price Indices,21,Brazil,2017,2017,23014,Food price inflation,7004,April,%,3.510827,Fc,Calculated data,
CP,Consumer Price Indices,21,Brazil,2017,2017,23014,Food price inflation,7003,March,%,4.035798,Fc,Calculated data,
CP,Consumer Price Indices,21,Brazil,2017,2017,23014,Food price inflation,7002,February,%,4.968809,Fc,Calculated data,
CP,Consumer Price Indices,21,Brazil,2017,2017,23014,Food price inflation,7001,January,%,6.560869,Fc,Calculated data,
CP,Consumer Price Indices,21,Brazil,2017,2017,23013,"Consumer Prices, Food Indices (2015 = 100)",7012,December,,112.1666,X,International reliable sources,base year is 2015
CP,Consumer Price Indices,21,Brazil,2017,2017,23013,"Consumer Prices, Food Indices (2015 = 100)",7011,November,,111.5641,X,International reliable sources,base year is 2015
CP,Consumer Price Indices,21,Brazil,2017,2017,23013,"Consumer Prices, Food Indices (2015 = 100)",7010,October,,111.9896,X,International reliable sources,base year is 2015
CP,Consumer Price Indices,21,Brazil,2017,2017,23013,"Consumer Prices, Food Indices (2015 = 100)",7009,September,,112.0455,X,International reliable sources,base year is 2015
CP,Consumer Price Indices,21,Brazil,2017,2017,23013,"Consumer Prices, Food Indices (2015 = 100)",7008,August,,112.5068,X,International reliable sources,base year is 2015
CP,Consumer Price Indices,21,Brazil,2017,2017,23013,"Consumer Prices, Food Indices (2015 = 100)",7007,July,,113.7237,X,International reliable sources,base year is 2015
CP,Consumer Price Indices,21,Brazil,2017,2017,23013,"Consumer Prices, Food Indices (2015 = 100)",7006,June,,114.2608,X,International reliable sources,base year is 2015
CP,Consumer Price Indices,21,Brazil,2017,2017,23013,"Consumer Prices, Food Indices (2015 = 100)",7005,May,,114.8351,X,International reliable sources,base year is 2015
CP,Consumer Price Indices,21,Brazil,2017,2017,23013,"Consumer Prices, Food Indices (2015 = 100)",7004,April,,115.2385,X,International reliable sources,base year is 2015
CP,Consumer Price Indices,21,Brazil,2017,2017,23013,"Consumer Prices, Food Indices (2015 = 100)",7003,March,,114.574,X,International reliable sources,base year is 2015
CP,Consumer Price Indices,21,Brazil,2017,2017,23013,"Consumer Prices, Food Indices (2015 = 100)",7002,February,,114.1857,X,International reliable sources,base year is 2015
CP,Consumer Price Indices,21,Brazil,2017,2017,23013,"Consumer Prices, Food Indices (2015 = 100)",7001,January,,114.7018,X,International reliable sources,base year is 2015
CP,Consumer Price Indices,21,Brazil,2017,2017,23012,"Consumer Prices, General Indices (2015 = 100)",7012,December,,114.0678,X,International reliable sources,base year is 2015
CP,Consumer Price Indices,21,Brazil,2017,2017,23012,"Consumer Prices, General Indices (2015 = 100)",7011,November,,113.5681,X,International reliable sources,base year is 2015
CP,Consumer Price Indices,21,Brazil,2017,2017,23012,"Consumer Prices, General Indices (2015 = 100)",7010,October,,113.2509,X,International reliable sources,base year is 2015
CP,Consumer Price Indices,21,Brazil,2017,2017,23012,"Consumer Prices, General Indices (2015 = 100)",7009,September,,112.7772,X,International reliable sources,base year is 2015
CP,Consumer Price Indices,21,Brazil,2017,2017,23012,"Consumer Prices, General Indices (2015 = 100)",7008,August,,112.5971,X,International reliable sources,base year is 2015
CP,Consumer Price Indices,21,Brazil,2017,2017,23012,"Consumer Prices, General Indices (2015 = 100)",7007,July,,112.3837,X,International reliable sources,base year is 2015
CP,Consumer Price Indices,21,Brazil,2017,2017,23012,"Consumer Prices, General Indices (2015 = 100)",7006,June,,112.1145,X,International reliable sources,base year is 2015
CP,Consumer Price Indices,21,Brazil,2017,2017,23012,"Consumer Prices, General Indices (2015 = 100)",7005,May,,112.373,X,International reliable sources,base year is 2015
CP,Consumer Price Indices,21,Brazil,2017,2017,23012,"Consumer Prices, General Indices (2015 = 100)",7004,April,,112.0257,X,International reliable sources,base year is 2015
CP,Consumer Price Indices,21,Brazil,2017,2017,23012,"Consumer Prices, General Indices (2015 = 100)",7003,March,,111.8691,X,International reliable sources,base year is 2015
CP,Consumer Price Indices,21,Brazil,2017,2017,23012,"Consumer Prices, General Indices (2015 = 100)",7002,February,,111.5902,X,International reliable sources,base year is 2015
CP,Consumer Price Indices,21,Brazil,2017,2017,23012,"Consumer Prices, General Indices (2015 = 100)",7001,January,,111.2231,X,International reliable sources,base year is 2015
CP,Consumer Price Indices,21,Brazil,2018,2018,23012,"Consumer Prices, General Indices (2015 = 100)",7001,January,,114.3987,X,International reliable sources,base year is 2015
CP,Consumer Price Indices,21,Brazil,2018,2018,23012,"Consumer Prices, General Indices (2015 = 100)",7002,February,,114.7648,X,International reliable sources,base year is 2015
CP,Consumer Price Indices,21,Brazil,2018,2018,23012,"Consumer Prices, General Indices (2015 = 100)",7003,March,,114.8681,X,International reliable sources,base year is 2015
CP,Consumer Price Indices,21,Brazil,2018,2018,23012,"Consumer Prices, General Indices (2015 = 100)",7004,April,,115.1207,X,International reliable sources,base year is 2015
CP,Consumer Price Indices,21,Brazil,2018,2018,23012,"Consumer Prices, General Indices (2015 = 100)",7005,May,,115.5813,X,International reliable sources,base year is 2015
CP,Consumer Price Indices,21,Brazil,2018,2018,23012,"Consumer Prices, General Indices (2015 = 100)",7006,June,,117.0376,X,International reliable sources,base year is 2015
CP,Consumer Price Indices,21,Brazil,2018,2018,23012,"Consumer Prices, General Indices (2015 = 100)",7007,July,,117.4239,X,International reliable sources,base year is 2015
CP,Consumer Price Indices,21,Brazil,2018,2018,23012,"Consumer Prices, General Indices (2015 = 100)",7008,August,,117.3183,X,International reliable sources,base year is 2015
CP,Consumer Price Indices,21,Brazil,2018,2018,23012,"Consumer Prices, General Indices (2015 = 100)",7009,September,,117.8814,X,International reliable sources,base year is 2015
CP,Consumer Price Indices,21,Brazil,2018,2018,23012,"Consumer Prices, General Indices (2015 = 100)",7010,October,,118.4118,X,International reliable sources,base year is 2015
CP,Consumer Price Indices,21,Brazil,2018,2018,23012,"Consumer Prices, General Indices (2015 = 100)",7011,November,,118.1631,X,International reliable sources,base year is 2015
CP,Consumer Price Indices,21,Brazil,2018,2018,23012,"Consumer Prices, General Indices (2015 = 100)",7012,December,,118.3403,X,International reliable sources,base year is 2015
CP,Consumer Price Indices,21,Brazil,2018,2018,23013,"Consumer Prices, Food Indices (2015 = 100)",7001,January,,112.9966,X,International reliable sources,base year is 2015
CP,Consumer Price Indices,21,Brazil,2018,2018,23013,"Consumer Prices, Food Indices (2015 = 100)",7002,February,,112.6236,X,International reliable sources,base year is 2015
CP,Consumer Price Indices,21,Brazil,2018,2018,23013,"Consumer Prices, Food Indices (2015 = 100)",7003,March,,112.7025,X,International reliable sources,base year is 2015
CP,Consumer Price Indices,21,Brazil,2018,2018,23013,"Consumer Prices, Food Indices (2015 = 100)",7004,April,,112.804,X,International reliable sources,base year is 2015
CP,Consumer Price Indices,21,Brazil,2018,2018,23013,"Consumer Prices, Food Indices (2015 = 100)",7005,May,,113.165,X,International reliable sources,base year is 2015
CP,Consumer Price Indices,21,Brazil,2018,2018,23013,"Consumer Prices, Food Indices (2015 = 100)",7006,June,,115.4621,X,International reliable sources,base year is 2015
CP,Consumer Price Indices,21,Brazil,2018,2018,23013,"Consumer Prices, Food Indices (2015 = 100)",7007,July,,115.3235,X,International reliable sources,base year is 2015
CP,Consumer Price Indices,21,Brazil,2018,2018,23013,"Consumer Prices, Food Indices (2015 = 100)",7008,August,,114.9314,X,International reliable sources,base year is 2015
CP,Consumer Price Indices,21,Brazil,2018,2018,23013,"Consumer Prices, Food Indices (2015 = 100)",7009,September,,115.0464,X,International reliable sources,base year is 2015
CP,Consumer Price Indices,21,Brazil,2018,2018,23013,"Consumer Prices, Food Indices (2015 = 100)",7010,October,,115.725,X,International reliable sources,base year is 2015
CP,Consumer Price Indices,21,Brazil,2018,2018,23013,"Consumer Prices, Food Indices (2015 = 100)",7011,November,,116.1764,X,International reliable sources,base year is 2015
CP,Consumer Price Indices,21,Brazil,2018,2018,23013,"Consumer Prices, Food Indices (2015 = 100)",7012,December,,116.6876,X,International reliable sources,base year is 2015
CP,Consumer Price Indices,21,Brazil,2018,2018,23014,Food price inflation,7001,January,%,-1.486638,Fc,Calculated data,
CP,Consumer Price Indices,21,Brazil,2018,2018,23014,Food price inflation,7002,February,%,-1.368035,Fc,Calculated data,
CP,Consumer Price Indices,21,Brazil,2018,2018,23014,Food price inflation,7003,March,%,-1.633442,Fc,Calculated data,
CP,Consumer Price Indices,21,Brazil,2018,2018,23014,Food price inflation,7004,April,%,-2.112575,Fc,Calculated data,
CP,Consumer Price Indices,21,Brazil,2018,2018,23014,Food price inflation,7005,May,%,-1.454346,Fc,Calculated data,
CP,Consumer Price Indices,21,Brazil,2018,2018,23014,Food price inflation,7006,June,%,1.051367,Fc,Calculated data,
CP,Consumer Price Indices,21,Brazil,2018,2018,23014,Food price inflation,7007,July,%,1.406743,Fc,Calculated data,
CP,Consumer Price Indices,21,Brazil,2018,2018,23014,Food price inflation,7008,August,%,2.15507,Fc,Calculated data,
CP,Consumer Price Indices,21,Brazil,2018,2018,23014,Food price inflation,7009,September,%,2.678287,Fc,Calculated data,
CP,Consumer Price Indices,21,Brazil,2018,2018,23014,Food price inflation,7010,October,%,3.335488,Fc,Calculated data,
CP,Consumer Price Indices,21,Brazil,2018,2018,23014,Food price inflation,7011,November,%,4.134215,Fc,Calculated data,
CP,Consumer Price Indices,21,Brazil,2018,2018,23014,Food price inflation,7012,December,%,4.030612,Fc,Calculated data,
CP,Consumer Price Indices,21,Brazil,2019,2019,23014,Food price inflation,7012,December,%,6.388217,Fc,Calculated data,
CP,Consumer Price Indices,21,Brazil,2019,2019,23014,Food price inflation,7011,November,%,3.344636,Fc,Calculated data,
CP,Consumer Price Indices,21,Brazil,2019,2019,23014,Food price inflation,7010,October,%,3.020279,Fc,Calculated data,
CP,Consumer Price Indices,21,Brazil,2019,2019,23014,Food price inflation,7009,September,%,3.571654,Fc,Calculated data,
CP,Consumer Price Indices,21,Brazil,2019,2019,23014,Food price inflation,7008,August,%,4.12605,Fc,Calculated data,
CP,Consumer Price Indices,21,Brazil,2019,2019,23014,Food price inflation,7007,July,%,4.119108,Fc,Calculated data,
CP,Consumer Price Indices,21,Brazil,2019,2019,23014,Food price inflation,7006,June,%,3.983731,Fc,Calculated data,
CP,Consumer Price Indices,21,Brazil,2019,2019,23014,Food price inflation,7005,May,%,6.359652,Fc,Calculated data,
CP,Consumer Price Indices,21,Brazil,2019,2019,23014,Food price inflation,7004,April,%,7.300894,Fc,Calculated data,
CP,Consumer Price Indices,21,Brazil,2019,2019,23014,Food price inflation,7003,March,%,6.725139,Fc,Calculated data,
CP,Consumer Price Indices,21,Brazil,2019,2019,23014,Food price inflation,7002,February,%,5.356426,Fc,Calculated data,
CP,Consumer Price Indices,21,Brazil,2019,2019,23014,Food price inflation,7001,January,%,4.195967,Fc,Calculated data,
CP,Consumer Price Indices,21,Brazil,2019,2019,23013,"Consumer Prices, Food Indices (2015 = 100)",7012,December,,124.141857,X,International reliable sources,base year is 2015
CP,Consumer Price Indices,21,Brazil,2019,2019,23013,"Consumer Prices, Food Indices (2015 = 100)",7011,November,,120.062077,X,International reliable sources,base year is 2015
CP,Consumer Price Indices,21,Brazil,2019,2019,23013,"Consumer Prices, Food Indices (2015 = 100)",7010,October,,119.220218,X,International reliable sources,base year is 2015
CP,Consumer Price Indices,21,Brazil,2019,2019,23013,"Consumer Prices, Food Indices (2015 = 100)",7009,September,,119.15546,X,International reliable sources,base year is 2015
CP,Consumer Price Indices,21,Brazil,2019,2019,23013,"Consumer Prices, Food Indices (2015 = 100)",7008,August,,119.673527,X,International reliable sources,base year is 2015
CP,Consumer Price Indices,21,Brazil,2019,2019,23013,"Consumer Prices, Food Indices (2015 = 100)",7007,July,,120.0738,X,International reliable sources,base year is 2015
CP,Consumer Price Indices,21,Brazil,2019,2019,23013,"Consumer Prices, Food Indices (2015 = 100)",7006,June,,120.0618,X,International reliable sources,base year is 2015
CP,Consumer Price Indices,21,Brazil,2019,2019,23013,"Consumer Prices, Food Indices (2015 = 100)",7005,May,,120.3619,X,International reliable sources,base year is 2015
CP,Consumer Price Indices,21,Brazil,2019,2019,23013,"Consumer Prices, Food Indices (2015 = 100)",7004,April,,121.0397,X,International reliable sources,base year is 2015
CP,Consumer Price Indices,21,Brazil,2019,2019,23013,"Consumer Prices, Food Indices (2015 = 100)",7003,March,,120.2819,X,International reliable sources,base year is 2015
CP,Consumer Price Indices,21,Brazil,2019,2019,23013,"Consumer Prices, Food Indices (2015 = 100)",7002,February,,118.6562,X,International reliable sources,base year is 2015
CP,Consumer Price Indices,21,Brazil,2019,2019,23013,"Consumer Prices, Food Indices (2015 = 100)",7001,January,,117.7379,X,International reliable sources,base year is 2015
CP,Consumer Price Indices,21,Brazil,2019,2019,23012,"Consumer Prices, General Indices (2015 = 100)",7012,December,,123.4363,X,International reliable sources,base year is 2015
CP,Consumer Price Indices,21,Brazil,2019,2019,23012,"Consumer Prices, General Indices (2015 = 100)",7011,November,,122.0328,X,International reliable sources,base year is 2015
CP,Consumer Price Indices,21,Brazil,2019,2019,23012,"Consumer Prices, General Indices (2015 = 100)",7010,October,,121.4136,X,International reliable sources,base year is 2015
CP,Consumer Price Indices,21,Brazil,2019,2019,23012,"Consumer Prices, General Indices (2015 = 100)",7009,September,,121.2922,X,International reliable sources,base year is 2015
CP,Consumer Price Indices,21,Brazil,2019,2019,23012,"Consumer Prices, General Indices (2015 = 100)",7008,August,,121.3407,X,International reliable sources,base year is 2015
CP,Consumer Price Indices,21,Brazil,2019,2019,23012,"Consumer Prices, General Indices (2015 = 100)",7007,July,,121.2073,X,International reliable sources,base year is 2015
CP,Consumer Price Indices,21,Brazil,2019,2019,23012,"Consumer Prices, General Indices (2015 = 100)",7006,June,,120.9774,X,International reliable sources,base year is 2015
CP,Consumer Price Indices,21,Brazil,2019,2019,23012,"Consumer Prices, General Indices (2015 = 100)",7005,May,,120.9653,X,International reliable sources,base year is 2015
CP,Consumer Price Indices,21,Brazil,2019,2019,23012,"Consumer Prices, General Indices (2015 = 100)",7004,April,,120.8083,X,International reliable sources,base year is 2015
CP,Consumer Price Indices,21,Brazil,2019,2019,23012,"Consumer Prices, General Indices (2015 = 100)",7003,March,,120.1236,X,International reliable sources,base year is 2015
CP,Consumer Price Indices,21,Brazil,2019,2019,23012,"Consumer Prices, General Indices (2015 = 100)",7002,February,,119.2294,X,International reliable sources,base year is 2015
CP,Consumer Price Indices,21,Brazil,2019,2019,23012,"Consumer Prices, General Indices (2015 = 100)",7001,January,,118.719,X,International reliable sources,base year is 2015
CP,Consumer Price Indices,21,Brazil,2020,2020,23012,"Consumer Prices, General Indices (2015 = 100)",7001,January,,123.6954,X,International reliable sources,base year is 2015
CP,Consumer Price Indices,21,Brazil,2020,2020,23012,"Consumer Prices, General Indices (2015 = 100)",7002,February,,124.0047,X,International reliable sources,base year is 2015
CP,Consumer Price Indices,21,Brazil,2020,2020,23012,"Consumer Prices, General Indices (2015 = 100)",7003,March,,124.0915,X,International reliable sources,base year is 2015
CP,Consumer Price Indices,21,Brazil,2020,2020,23012,"Consumer Prices, General Indices (2015 = 100)",7004,April,,123.7068,X,International reliable sources,base year is 2015
CP,Consumer Price Indices,21,Brazil,2020,2020,23012,"Consumer Prices, General Indices (2015 = 100)",7005,May,,123.2367,X,International reliable sources,base year is 2015
CP,Consumer Price Indices,21,Brazil,2020,2020,23012,"Consumer Prices, General Indices (2015 = 100)",7006,June,,123.5571,X,International reliable sources,base year is 2015
CP,Consumer Price Indices,21,Brazil,2020,2020,23012,"Consumer Prices, General Indices (2015 = 100)",7007,July,,124.0019,X,International reliable sources,base year is 2015
CP,Consumer Price Indices,21,Brazil,2020,2020,23012,"Consumer Prices, General Indices (2015 = 100)",7008,August,,124.2996,X,International reliable sources,base year is 2015
CP,Consumer Price Indices,21,Brazil,2020,2020,23012,"Consumer Prices, General Indices (2015 = 100)",7009,September,,125.0951,X,International reliable sources,base year is 2015
CP,Consumer Price Indices,21,Brazil,2020,2020,23012,"Consumer Prices, General Indices (2015 = 100)",7010,October,,126.171,X,International reliable sources,base year is 2015
CP,Consumer Price Indices,21,Brazil,2020,2020,23012,"Consumer Prices, General Indices (2015 = 100)",7011,November,,127.2939,X,International reliable sources,base year is 2015
CP,Consumer Price Indices,21,Brazil,2020,2020,23012,"Consumer Prices, General Indices (2015 = 100)",7012,December,,129.0124,X,International reliable sources,base year is 2015
CP,Consumer Price Indices,21,Brazil,2020,2020,23013,"Consumer Prices, Food Indices (2015 = 100)",7001,January,,124.595166,X,International reliable sources,base year is 2015
CP,Consumer Price Indices,21,Brazil,2020,2020,23013,"Consumer Prices, Food Indices (2015 = 100)",7002,February,,124.724682,X,International reliable sources,base year is 2015
CP,Consumer Price Indices,21,Brazil,2020,2020,23013,"Consumer Prices, Food Indices (2015 = 100)",7003,March,,126.149367,X,International reliable sources,base year is 2015
CP,Consumer Price Indices,21,Brazil,2020,2020,23013,"Consumer Prices, Food Indices (2015 = 100)",7004,April,,128.415911,X,International reliable sources,base year is 2015
CP,Consumer Price Indices,21,Brazil,2020,2020,23013,"Consumer Prices, Food Indices (2015 = 100)",7005,May,,128.739703,X,International reliable sources,base year is 2015
CP,Consumer Price Indices,21,Brazil,2020,2020,23013,"Consumer Prices, Food Indices (2015 = 100)",7006,June,,129.193012,X,International reliable sources,base year is 2015
CP,Consumer Price Indices,21,Brazil,2020,2020,23013,"Consumer Prices, Food Indices (2015 = 100)",7007,July,,129.257771,X,International reliable sources,base year is 2015
CP,Consumer Price Indices,21,Brazil,2020,2020,23013,"Consumer Prices, Food Indices (2015 = 100)",7008,August,,130.229147,X,International reliable sources,base year is 2015
CP,Consumer Price Indices,21,Brazil,2020,2020,23013,"Consumer Prices, Food Indices (2015 = 100)",7009,September,,133.208033,X,International reliable sources,base year is 2015
CP,Consumer Price Indices,21,Brazil,2020,2020,23013,"Consumer Prices, Food Indices (2015 = 100)",7010,October,,135.798369,X,International reliable sources,base year is 2015
CP,Consumer Price Indices,21,Brazil,2020,2020,23013,"Consumer Prices, Food Indices (2015 = 100)",7011,November,,139.230564,X,International reliable sources,base year is 2015
CP,Consumer Price Indices,21,Brazil,2020,2020,23013,"Consumer Prices, Food Indices (2015 = 100)",7012,December,,141.626625,X,International reliable sources,base year is 2015
CP,Consumer Price Indices,21,Brazil,2020,2020,23014,Food price inflation,7001,January,%,5.824179,Fc,Calculated data,
CP,Consumer Price Indices,21,Brazil,2020,2020,23014,Food price inflation,7002,February,%,5.114341,Fc,Calculated data,
CP,Consumer Price Indices,21,Brazil,2020,2020,23014,Food price inflation,7003,March,%,4.878097,Fc,Calculated data,
CP,Consumer Price Indices,21,Brazil,2020,2020,23014,Food price inflation,7004,April,%,6.094043,Fc,Calculated data,
CP,Consumer Price Indices,21,Brazil,2020,2020,23014,Food price inflation,7005,May,%,6.960511,Fc,Calculated data,
CP,Consumer Price Indices,21,Brazil,2020,2020,23014,Food price inflation,7006,June,%,7.605427,Fc,Calculated data,
CP,Consumer Price Indices,21,Brazil,2020,2020,23014,Food price inflation,7007,July,%,7.648605,Fc,Calculated data,
CP,Consumer Price Indices,21,Brazil,2020,2020,23014,Food price inflation,7008,August,%,8.820346,Fc,Calculated data,
CP,Consumer Price Indices,21,Brazil,2020,2020,23014,Food price inflation,7009,September,%,11.793478,Fc,Calculated data,
CP,Consumer Price Indices,21,Brazil,2020,2020,23014,Food price inflation,7010,October,%,13.905486,Fc,Calculated data,
CP,Consumer Price Indices,21,Brazil,2020,2020,23014,Food price inflation,7011,November,%,15.96548,Fc,Calculated data,
CP,Consumer Price Indices,21,Brazil,2020,2020,23014,Food price inflation,7012,December,%,14.084507,Fc,Calculated data,
