"STATISTIC","Statistic Label","TLIST(A1)","Year","C03530V04258","Sector of Activity","C03066V03701","Size of Enterprise","UNIT","VALUE"
"TSA11C01","Value of Exports","2017","2017","10","Agriculture and Food (01-03,10-11)","05","Micro (0 to 9)","Euro Million","615"
"TSA11C01","Value of Exports","2017","2017","10","Agriculture and Food (01-03,10-11)","01","Small (10 to 49)","Euro Million","545"
"TSA11C01","Value of Exports","2017","2017","10","Agriculture and Food (01-03,10-11)","02","Medium (50 to 249)","Euro Million","1985"
"TSA11C01","Value of Exports","2017","2017","10","Agriculture and Food (01-03,10-11)","03","Large (250 or more)","Euro Million","14778"
"TSA11C01","Value of Exports","2017","2017","10","Agriculture and Food (01-03,10-11)","99","Unknown","Euro Million",""
"TSA11C01","Value of Exports","2017","2017","10","Agriculture and Food (01-03,10-11)","-","All Enterprises","Euro Million","17923"
"TSA11C01","Value of Exports","2017","2017","20","Chemicals and Pharmaceuticals (20-21)","05","Micro (0 to 9)","Euro Million","241"
"TSA11C01","Value of Exports","2017","2017","20","Chemicals and Pharmaceuticals (20-21)","01","Small (10 to 49)","Euro Million","190"
"TSA11C01","Value of Exports","2017","2017","20","Chemicals and Pharmaceuticals (20-21)","02","Medium (50 to 249)","Euro Million","6029"
"TSA11C01","Value of Exports","2017","2017","20","Chemicals and Pharmaceuticals (20-21)","03","Large (250 or more)","Euro Million","46510"
"TSA11C01","Value of Exports","2017","2017","20","Chemicals and Pharmaceuticals (20-21)","99","Unknown","Euro Million",""
"TSA11C01","Value of Exports","2017","2017","20","Chemicals and Pharmaceuticals (20-21)","-","All Enterprises","Euro Million","52971"
"TSA11C01","Value of Exports","2017","2017","30","Other Manufacturing and Construction (05-09, 12-19, 22-43)","05","Micro (0 to 9)","Euro Million","549"
"TSA11C01","Value of Exports","2017","2017","30","Other Manufacturing and Construction (05-09, 12-19, 22-43)","01","Small (10 to 49)","Euro Million","1329"
"TSA11C01","Value of Exports","2017","2017","30","Other Manufacturing and Construction (05-09, 12-19, 22-43)","02","Medium (50 to 249)","Euro Million","8161"
"TSA11C01","Value of Exports","2017","2017","30","Other Manufacturing and Construction (05-09, 12-19, 22-43)","03","Large (250 or more)","Euro Million","19114"
"TSA11C01","Value of Exports","2017","2017","30","Other Manufacturing and Construction (05-09, 12-19, 22-43)","99","Unknown","Euro Million",""
"TSA11C01","Value of Exports","2017","2017","30","Other Manufacturing and Construction (05-09, 12-19, 22-43)","-","All Enterprises","Euro Million","29152"
"TSA11C01","Value of Exports","2017","2017","40","Wholesale and Retail (45-47)","05","Micro (0 to 9)","Euro Million","2415"
"TSA11C01","Value of Exports","2017","2017","40","Wholesale and Retail (45-47)","01","Small (10 to 49)","Euro Million","2657"
"TSA11C01","Value of Exports","2017","2017","40","Wholesale and Retail (45-47)","02","Medium (50 to 249)","Euro Million","1822"
"TSA11C01","Value of Exports","2017","2017","40","Wholesale and Retail (45-47)","03","Large (250 or more)","Euro Million","2302"
"TSA11C01","Value of Exports","2017","2017","40","Wholesale and Retail (45-47)","99","Unknown","Euro Million",""
"TSA11C01","Value of Exports","2017","2017","40","Wholesale and Retail (45-47)","-","All Enterprises","Euro Million","9196"
"TSA11C01","Value of Exports","2017","2017","50","Services/other (49-98)","05","Micro (0 to 9)","Euro Million","3658"
"TSA11C01","Value of Exports","2017","2017","50","Services/other (49-98)","01","Small (10 to 49)","Euro Million","579"
"TSA11C01","Value of Exports","2017","2017","50","Services/other (49-98)","02","Medium (50 to 249)","Euro Million","5166"
"TSA11C01","Value of Exports","2017","2017","50","Services/other (49-98)","03","Large (250 or more)","Euro Million","278"
"TSA11C01","Value of Exports","2017","2017","50","Services/other (49-98)","99","Unknown","Euro Million",""
"TSA11C01","Value of Exports","2017","2017","50","Services/other (49-98)","-","All Enterprises","Euro Million","9681"
"TSA11C01","Value of Exports","2017","2017","99","Unknown","05","Micro (0 to 9)","Euro Million",""
"TSA11C01","Value of Exports","2017","2017","99","Unknown","01","Small (10 to 49)","Euro Million",""
"TSA11C01","Value of Exports","2017","2017","99","Unknown","02","Medium (50 to 249)","Euro Million",""
"TSA11C01","Value of Exports","2017","2017","99","Unknown","03","Large (250 or more)","Euro Million",""
"TSA11C01","Value of Exports","2017","2017","99","Unknown","99","Unknown","Euro Million","2837"
"TSA11C01","Value of Exports","2017","2017","99","Unknown","-","All Enterprises","Euro Million","2837"
"TSA11C01","Value of Exports","2017","2017","-","All sectors","05","Micro (0 to 9)","Euro Million","7478"
"TSA11C01","Value of Exports","2017","2017","-","All sectors","01","Small (10 to 49)","Euro Million","5300"
"TSA11C01","Value of Exports","2017","2017","-","All sectors","02","Medium (50 to 249)","Euro Million","23162"
"TSA11C01","Value of Exports","2017","2017","-","All sectors","03","Large (250 or more)","Euro Million","82983"
"TSA11C01","Value of Exports","2017","2017","-","All sectors","99","Unknown","Euro Million","2837"
"TSA11C01","Value of Exports","2017","2017","-","All sectors","-","All Enterprises","Euro Million","121759"
"TSA11C01","Value of Exports","2018","2018","10","Agriculture and Food (01-03,10-11)","05","Micro (0 to 9)","Euro Million","399"
"TSA11C01","Value of Exports","2018","2018","10","Agriculture and Food (01-03,10-11)","01","Small (10 to 49)","Euro Million","562"
"TSA11C01","Value of Exports","2018","2018","10","Agriculture and Food (01-03,10-11)","02","Medium (50 to 249)","Euro Million","1906"
"TSA11C01","Value of Exports","2018","2018","10","Agriculture and Food (01-03,10-11)","03","Large (250 or more)","Euro Million","14887"
"TSA11C01","Value of Exports","2018","2018","10","Agriculture and Food (01-03,10-11)","99","Unknown","Euro Million",""
"TSA11C01","Value of Exports","2018","2018","10","Agriculture and Food (01-03,10-11)","-","All Enterprises","Euro Million","17754"
"TSA11C01","Value of Exports","2018","2018","20","Chemicals and Pharmaceuticals (20-21)","05","Micro (0 to 9)","Euro Million","87"
"TSA11C01","Value of Exports","2018","2018","20","Chemicals and Pharmaceuticals (20-21)","01","Small (10 to 49)","Euro Million","182"
"TSA11C01","Value of Exports","2018","2018","20","Chemicals and Pharmaceuticals (20-21)","02","Medium (50 to 249)","Euro Million","10623"
"TSA11C01","Value of Exports","2018","2018","20","Chemicals and Pharmaceuticals (20-21)","03","Large (250 or more)","Euro Million","58546"
"TSA11C01","Value of Exports","2018","2018","20","Chemicals and Pharmaceuticals (20-21)","99","Unknown","Euro Million",""
"TSA11C01","Value of Exports","2018","2018","20","Chemicals and Pharmaceuticals (20-21)","-","All Enterprises","Euro Million","69438"
"TSA11C01","Value of Exports","2018","2018","30","Other Manufacturing and Construction (05-09, 12-19, 22-43)","05","Micro (0 to 9)","Euro Million","539"
"TSA11C01","Value of Exports","2018","2018","30","Other Manufacturing and Construction (05-09, 12-19, 22-43)","01","Small (10 to 49)","Euro Million","1183"
"TSA11C01","Value of Exports","2018","2018","30","Other Manufacturing and Construction (05-09, 12-19, 22-43)","02","Medium (50 to 249)","Euro Million","8734"
"TSA11C01","Value of Exports","2018","2018","30","Other Manufacturing and Construction (05-09, 12-19, 22-43)","03","Large (250 or more)","Euro Million","18446"
"TSA11C01","Value of Exports","2018","2018","30","Other Manufacturing and Construction (05-09, 12-19, 22-43)","99","Unknown","Euro Million",""
"TSA11C01","Value of Exports","2018","2018","30","Other Manufacturing and Construction (05-09, 12-19, 22-43)","-","All Enterprises","Euro Million","28902"
"TSA11C01","Value of Exports","2018","2018","40","Wholesale and Retail (45-47)","05","Micro (0 to 9)","Euro Million","2511"
"TSA11C01","Value of Exports","2018","2018","40","Wholesale and Retail (45-47)","01","Small (10 to 49)","Euro Million","3139"
"TSA11C01","Value of Exports","2018","2018","40","Wholesale and Retail (45-47)","02","Medium (50 to 249)","Euro Million","1834"
"TSA11C01","Value of Exports","2018","2018","40","Wholesale and Retail (45-47)","03","Large (250 or more)","Euro Million","2908"
"TSA11C01","Value of Exports","2018","2018","40","Wholesale and Retail (45-47)","99","Unknown","Euro Million",""
"TSA11C01","Value of Exports","2018","2018","40","Wholesale and Retail (45-47)","-","All Enterprises","Euro Million","10391"
"TSA11C01","Value of Exports","2018","2018","50","Services/other (49-98)","05","Micro (0 to 9)","Euro Million","3994"
"TSA11C01","Value of Exports","2018","2018","50","Services/other (49-98)","01","Small (10 to 49)","Euro Million","499"
"TSA11C01","Value of Exports","2018","2018","50","Services/other (49-98)","02","Medium (50 to 249)","Euro Million","2852"
"TSA11C01","Value of Exports","2018","2018","50","Services/other (49-98)","03","Large (250 or more)","Euro Million","1297"
"TSA11C01","Value of Exports","2018","2018","50","Services/other (49-98)","99","Unknown","Euro Million",""
"TSA11C01","Value of Exports","2018","2018","50","Services/other (49-98)","-","All Enterprises","Euro Million","8643"
"TSA11C01","Value of Exports","2018","2018","99","Unknown","05","Micro (0 to 9)","Euro Million",""
"TSA11C01","Value of Exports","2018","2018","99","Unknown","01","Small (10 to 49)","Euro Million",""
"TSA11C01","Value of Exports","2018","2018","99","Unknown","02","Medium (50 to 249)","Euro Million",""
"TSA11C01","Value of Exports","2018","2018","99","Unknown","03","Large (250 or more)","Euro Million",""
"TSA11C01","Value of Exports","2018","2018","99","Unknown","99","Unknown","Euro Million","4473"
"TSA11C01","Value of Exports","2018","2018","99","Unknown","-","All Enterprises","Euro Million","4473"
"TSA11C01","Value of Exports","2018","2018","-","All sectors","05","Micro (0 to 9)","Euro Million","7531"
"TSA11C01","Value of Exports","2018","2018","-","All sectors","01","Small (10 to 49)","Euro Million","5565"
"TSA11C01","Value of Exports","2018","2018","-","All sectors","02","Medium (50 to 249)","Euro Million","25948"
"TSA11C01","Value of Exports","2018","2018","-","All sectors","03","Large (250 or more)","Euro Million","96084"
"TSA11C01","Value of Exports","2018","2018","-","All sectors","99","Unknown","Euro Million","4473"
"TSA11C01","Value of Exports","2018","2018","-","All sectors","-","All Enterprises","Euro Million","139600"
"TSA11C01","Value of Exports","2019","2019","10","Agriculture and Food (01-03,10-11)","05","Micro (0 to 9)","Euro Million","563"
"TSA11C01","Value of Exports","2019","2019","10","Agriculture and Food (01-03,10-11)","01","Small (10 to 49)","Euro Million","548"
"TSA11C01","Value of Exports","2019","2019","10","Agriculture and Food (01-03,10-11)","02","Medium (50 to 249)","Euro Million","1973"
"TSA11C01","Value of Exports","2019","2019","10","Agriculture and Food (01-03,10-11)","03","Large (250 or more)","Euro Million","15016"
"TSA11C01","Value of Exports","2019","2019","10","Agriculture and Food (01-03,10-11)","99","Unknown","Euro Million",""
"TSA11C01","Value of Exports","2019","2019","10","Agriculture and Food (01-03,10-11)","-","All Enterprises","Euro Million","18100"
"TSA11C01","Value of Exports","2019","2019","20","Chemicals and Pharmaceuticals (20-21)","05","Micro (0 to 9)","Euro Million","84"
"TSA11C01","Value of Exports","2019","2019","20","Chemicals and Pharmaceuticals (20-21)","01","Small (10 to 49)","Euro Million","223"
"TSA11C01","Value of Exports","2019","2019","20","Chemicals and Pharmaceuticals (20-21)","02","Medium (50 to 249)","Euro Million","7042"
"TSA11C01","Value of Exports","2019","2019","20","Chemicals and Pharmaceuticals (20-21)","03","Large (250 or more)","Euro Million","68299"
"TSA11C01","Value of Exports","2019","2019","20","Chemicals and Pharmaceuticals (20-21)","99","Unknown","Euro Million",""
"TSA11C01","Value of Exports","2019","2019","20","Chemicals and Pharmaceuticals (20-21)","-","All Enterprises","Euro Million","75648"
"TSA11C01","Value of Exports","2019","2019","30","Other Manufacturing and Construction (05-09, 12-19, 22-43)","05","Micro (0 to 9)","Euro Million","870"
"TSA11C01","Value of Exports","2019","2019","30","Other Manufacturing and Construction (05-09, 12-19, 22-43)","01","Small (10 to 49)","Euro Million","1232"
"TSA11C01","Value of Exports","2019","2019","30","Other Manufacturing and Construction (05-09, 12-19, 22-43)","02","Medium (50 to 249)","Euro Million","8974"
"TSA11C01","Value of Exports","2019","2019","30","Other Manufacturing and Construction (05-09, 12-19, 22-43)","03","Large (250 or more)","Euro Million","22344"
"TSA11C01","Value of Exports","2019","2019","30","Other Manufacturing and Construction (05-09, 12-19, 22-43)","99","Unknown","Euro Million",""
"TSA11C01","Value of Exports","2019","2019","30","Other Manufacturing and Construction (05-09, 12-19, 22-43)","-","All Enterprises","Euro Million","33420"
"TSA11C01","Value of Exports","2019","2019","40","Wholesale and Retail (45-47)","05","Micro (0 to 9)","Euro Million","2515"
"TSA11C01","Value of Exports","2019","2019","40","Wholesale and Retail (45-47)","01","Small (10 to 49)","Euro Million","3137"
"TSA11C01","Value of Exports","2019","2019","40","Wholesale and Retail (45-47)","02","Medium (50 to 249)","Euro Million","2193"
"TSA11C01","Value of Exports","2019","2019","40","Wholesale and Retail (45-47)","03","Large (250 or more)","Euro Million","3018"
"TSA11C01","Value of Exports","2019","2019","40","Wholesale and Retail (45-47)","99","Unknown","Euro Million",""
"TSA11C01","Value of Exports","2019","2019","40","Wholesale and Retail (45-47)","-","All Enterprises","Euro Million","10863"
"TSA11C01","Value of Exports","2019","2019","50","Services/other (49-98)","05","Micro (0 to 9)","Euro Million","3680"
"TSA11C01","Value of Exports","2019","2019","50","Services/other (49-98)","01","Small (10 to 49)","Euro Million","798"
"TSA11C01","Value of Exports","2019","2019","50","Services/other (49-98)","02","Medium (50 to 249)","Euro Million","2674"
"TSA11C01","Value of Exports","2019","2019","50","Services/other (49-98)","03","Large (250 or more)","Euro Million","913"
"TSA11C01","Value of Exports","2019","2019","50","Services/other (49-98)","99","Unknown","Euro Million",""
"TSA11C01","Value of Exports","2019","2019","50","Services/other (49-98)","-","All Enterprises","Euro Million","8064"
"TSA11C01","Value of Exports","2019","2019","99","Unknown","05","Micro (0 to 9)","Euro Million",""
"TSA11C01","Value of Exports","2019","2019","99","Unknown","01","Small (10 to 49)","Euro Million",""
"TSA11C01","Value of Exports","2019","2019","99","Unknown","02","Medium (50 to 249)","Euro Million",""
"TSA11C01","Value of Exports","2019","2019","99","Unknown","03","Large (250 or more)","Euro Million",""
"TSA11C01","Value of Exports","2019","2019","99","Unknown","99","Unknown","Euro Million","5421"
"TSA11C01","Value of Exports","2019","2019","99","Unknown","-","All Enterprises","Euro Million","5421"
"TSA11C01","Value of Exports","2019","2019","-","All sectors","05","Micro (0 to 9)","Euro Million","7712"
"TSA11C01","Value of Exports","2019","2019","-","All sectors","01","Small (10 to 49)","Euro Million","5937"
"TSA11C01","Value of Exports","2019","2019","-","All sectors","02","Medium (50 to 249)","Euro Million","22857"
"TSA11C01","Value of Exports","2019","2019","-","All sectors","03","Large (250 or more)","Euro Million","109589"
"TSA11C01","Value of Exports","2019","2019","-","All sectors","99","Unknown","Euro Million","5421"
"TSA11C01","Value of Exports","2019","2019","-","All sectors","-","All Enterprises","Euro Million","151516"
"TSA11C01","Value of Exports","2020","2020","10","Agriculture and Food (01-03,10-11)","05","Micro (0 to 9)","Euro Million","941"
"TSA11C01","Value of Exports","2020","2020","10","Agriculture and Food (01-03,10-11)","01","Small (10 to 49)","Euro Million","481"
"TSA11C01","Value of Exports","2020","2020","10","Agriculture and Food (01-03,10-11)","02","Medium (50 to 249)","Euro Million","1532"
"TSA11C01","Value of Exports","2020","2020","10","Agriculture and Food (01-03,10-11)","03","Large (250 or more)","Euro Million","11005"
"TSA11C01","Value of Exports","2020","2020","10","Agriculture and Food (01-03,10-11)","99","Unknown","Euro Million",""
"TSA11C01","Value of Exports","2020","2020","10","Agriculture and Food (01-03,10-11)","-","All Enterprises","Euro Million","13959"
"TSA11C01","Value of Exports","2020","2020","20","Chemicals and Pharmaceuticals (20-21)","05","Micro (0 to 9)","Euro Million","103"
"TSA11C01","Value of Exports","2020","2020","20","Chemicals and Pharmaceuticals (20-21)","01","Small (10 to 49)","Euro Million","315"
"TSA11C01","Value of Exports","2020","2020","20","Chemicals and Pharmaceuticals (20-21)","02","Medium (50 to 249)","Euro Million","5274"
"TSA11C01","Value of Exports","2020","2020","20","Chemicals and Pharmaceuticals (20-21)","03","Large (250 or more)","Euro Million","83284"
"TSA11C01","Value of Exports","2020","2020","20","Chemicals and Pharmaceuticals (20-21)","99","Unknown","Euro Million",""
"TSA11C01","Value of Exports","2020","2020","20","Chemicals and Pharmaceuticals (20-21)","-","All Enterprises","Euro Million","88977"
"TSA11C01","Value of Exports","2020","2020","30","Other Manufacturing and Construction (05-09, 12-19, 22-43)","05","Micro (0 to 9)","Euro Million","637"
"TSA11C01","Value of Exports","2020","2020","30","Other Manufacturing and Construction (05-09, 12-19, 22-43)","01","Small (10 to 49)","Euro Million","1302"
"TSA11C01","Value of Exports","2020","2020","30","Other Manufacturing and Construction (05-09, 12-19, 22-43)","02","Medium (50 to 249)","Euro Million","4471"
"TSA11C01","Value of Exports","2020","2020","30","Other Manufacturing and Construction (05-09, 12-19, 22-43)","03","Large (250 or more)","Euro Million","24388"
"TSA11C01","Value of Exports","2020","2020","30","Other Manufacturing and Construction (05-09, 12-19, 22-43)","99","Unknown","Euro Million",""
"TSA11C01","Value of Exports","2020","2020","30","Other Manufacturing and Construction (05-09, 12-19, 22-43)","-","All Enterprises","Euro Million","30799"
"TSA11C01","Value of Exports","2020","2020","40","Wholesale and Retail (45-47)","05","Micro (0 to 9)","Euro Million","2604"
"TSA11C01","Value of Exports","2020","2020","40","Wholesale and Retail (45-47)","01","Small (10 to 49)","Euro Million","3194"
"TSA11C01","Value of Exports","2020","2020","40","Wholesale and Retail (45-47)","02","Medium (50 to 249)","Euro Million","2075"
"TSA11C01","Value of Exports","2020","2020","40","Wholesale and Retail (45-47)","03","Large (250 or more)","Euro Million","2228"
"TSA11C01","Value of Exports","2020","2020","40","Wholesale and Retail (45-47)","99","Unknown","Euro Million",""
"TSA11C01","Value of Exports","2020","2020","40","Wholesale and Retail (45-47)","-","All Enterprises","Euro Million","10101"
"TSA11C01","Value of Exports","2020","2020","50","Services/other (49-98)","05","Micro (0 to 9)","Euro Million","3494"
"TSA11C01","Value of Exports","2020","2020","50","Services/other (49-98)","01","Small (10 to 49)","Euro Million","1654"
"TSA11C01","Value of Exports","2020","2020","50","Services/other (49-98)","02","Medium (50 to 249)","Euro Million","2608"
"TSA11C01","Value of Exports","2020","2020","50","Services/other (49-98)","03","Large (250 or more)","Euro Million","935"
"TSA11C01","Value of Exports","2020","2020","50","Services/other (49-98)","99","Unknown","Euro Million",""
"TSA11C01","Value of Exports","2020","2020","50","Services/other (49-98)","-","All Enterprises","Euro Million","8690"
"TSA11C01","Value of Exports","2020","2020","99","Unknown","05","Micro (0 to 9)","Euro Million",""
"TSA11C01","Value of Exports","2020","2020","99","Unknown","01","Small (10 to 49)","Euro Million",""
"TSA11C01","Value of Exports","2020","2020","99","Unknown","02","Medium (50 to 249)","Euro Million",""
"TSA11C01","Value of Exports","2020","2020","99","Unknown","03","Large (250 or more)","Euro Million",""
"TSA11C01","Value of Exports","2020","2020","99","Unknown","99","Unknown","Euro Million","5279"
"TSA11C01","Value of Exports","2020","2020","99","Unknown","-","All Enterprises","Euro Million","5279"
"TSA11C01","Value of Exports","2020","2020","-","All sectors","05","Micro (0 to 9)","Euro Million","7780"
"TSA11C01","Value of Exports","2020","2020","-","All sectors","01","Small (10 to 49)","Euro Million","6946"
"TSA11C01","Value of Exports","2020","2020","-","All sectors","02","Medium (50 to 249)","Euro Million","15959"
"TSA11C01","Value of Exports","2020","2020","-","All sectors","03","Large (250 or more)","Euro Million","121840"
"TSA11C01","Value of Exports","2020","2020","-","All sectors","99","Unknown","Euro Million","5279"
"TSA11C01","Value of Exports","2020","2020","-","All sectors","-","All Enterprises","Euro Million","157805"
"TSA11C02","Number of Exporting Enterprises","2017","2017","10","Agriculture and Food (01-03,10-11)","05","Micro (0 to 9)","Number","335"
"TSA11C02","Number of Exporting Enterprises","2017","2017","10","Agriculture and Food (01-03,10-11)","01","Small (10 to 49)","Number","178"
"TSA11C02","Number of Exporting Enterprises","2017","2017","10","Agriculture and Food (01-03,10-11)","02","Medium (50 to 249)","Number","109"
"TSA11C02","Number of Exporting Enterprises","2017","2017","10","Agriculture and Food (01-03,10-11)","03","Large (250 or more)","Number","45"
"TSA11C02","Number of Exporting Enterprises","2017","2017","10","Agriculture and Food (01-03,10-11)","99","Unknown","Number",""
"TSA11C02","Number of Exporting Enterprises","2017","2017","10","Agriculture and Food (01-03,10-11)","-","All Enterprises","Number","667"
"TSA11C02","Number of Exporting Enterprises","2017","2017","20","Chemicals and Pharmaceuticals (20-21)","05","Micro (0 to 9)","Number","65"
"TSA11C02","Number of Exporting Enterprises","2017","2017","20","Chemicals and Pharmaceuticals (20-21)","01","Small (10 to 49)","Number","54"
"TSA11C02","Number of Exporting Enterprises","2017","2017","20","Chemicals and Pharmaceuticals (20-21)","02","Medium (50 to 249)","Number","47"
"TSA11C02","Number of Exporting Enterprises","2017","2017","20","Chemicals and Pharmaceuticals (20-21)","03","Large (250 or more)","Number","34"
"TSA11C02","Number of Exporting Enterprises","2017","2017","20","Chemicals and Pharmaceuticals (20-21)","99","Unknown","Number",""
"TSA11C02","Number of Exporting Enterprises","2017","2017","20","Chemicals and Pharmaceuticals (20-21)","-","All Enterprises","Number","200"
"TSA11C02","Number of Exporting Enterprises","2017","2017","30","Other Manufacturing and Construction (05-09, 12-19, 22-43)","05","Micro (0 to 9)","Number","1005"
"TSA11C02","Number of Exporting Enterprises","2017","2017","30","Other Manufacturing and Construction (05-09, 12-19, 22-43)","01","Small (10 to 49)","Number","720"
"TSA11C02","Number of Exporting Enterprises","2017","2017","30","Other Manufacturing and Construction (05-09, 12-19, 22-43)","02","Medium (50 to 249)","Number","313"
"TSA11C02","Number of Exporting Enterprises","2017","2017","30","Other Manufacturing and Construction (05-09, 12-19, 22-43)","03","Large (250 or more)","Number","90"
"TSA11C02","Number of Exporting Enterprises","2017","2017","30","Other Manufacturing and Construction (05-09, 12-19, 22-43)","99","Unknown","Number",""
"TSA11C02","Number of Exporting Enterprises","2017","2017","30","Other Manufacturing and Construction (05-09, 12-19, 22-43)","-","All Enterprises","Number","2128"
"TSA11C02","Number of Exporting Enterprises","2017","2017","40","Wholesale and Retail (45-47)","05","Micro (0 to 9)","Number","2521"
"TSA11C02","Number of Exporting Enterprises","2017","2017","40","Wholesale and Retail (45-47)","01","Small (10 to 49)","Number","1024"
"TSA11C02","Number of Exporting Enterprises","2017","2017","40","Wholesale and Retail (45-47)","02","Medium (50 to 249)","Number","207"
"TSA11C02","Number of Exporting Enterprises","2017","2017","40","Wholesale and Retail (45-47)","03","Large (250 or more)","Number","48"
"TSA11C02","Number of Exporting Enterprises","2017","2017","40","Wholesale and Retail (45-47)","99","Unknown","Number",""
"TSA11C02","Number of Exporting Enterprises","2017","2017","40","Wholesale and Retail (45-47)","-","All Enterprises","Number","3800"
"TSA11C02","Number of Exporting Enterprises","2017","2017","50","Services/other (49-98)","05","Micro (0 to 9)","Number","1176"
"TSA11C02","Number of Exporting Enterprises","2017","2017","50","Services/other (49-98)","01","Small (10 to 49)","Number","406"
"TSA11C02","Number of Exporting Enterprises","2017","2017","50","Services/other (49-98)","02","Medium (50 to 249)","Number","157"
"TSA11C02","Number of Exporting Enterprises","2017","2017","50","Services/other (49-98)","03","Large (250 or more)","Number","74"
"TSA11C02","Number of Exporting Enterprises","2017","2017","50","Services/other (49-98)","99","Unknown","Number",""
"TSA11C02","Number of Exporting Enterprises","2017","2017","50","Services/other (49-98)","-","All Enterprises","Number","1813"
"TSA11C02","Number of Exporting Enterprises","2017","2017","99","Unknown","05","Micro (0 to 9)","Number",""
"TSA11C02","Number of Exporting Enterprises","2017","2017","99","Unknown","01","Small (10 to 49)","Number",""
"TSA11C02","Number of Exporting Enterprises","2017","2017","99","Unknown","02","Medium (50 to 249)","Number",""
"TSA11C02","Number of Exporting Enterprises","2017","2017","99","Unknown","03","Large (250 or more)","Number",""
"TSA11C02","Number of Exporting Enterprises","2017","2017","99","Unknown","99","Unknown","Number","25"
"TSA11C02","Number of Exporting Enterprises","2017","2017","99","Unknown","-","All Enterprises","Number","25"
"TSA11C02","Number of Exporting Enterprises","2017","2017","-","All sectors","05","Micro (0 to 9)","Number","5102"
"TSA11C02","Number of Exporting Enterprises","2017","2017","-","All sectors","01","Small (10 to 49)","Number","2382"
"TSA11C02","Number of Exporting Enterprises","2017","2017","-","All sectors","02","Medium (50 to 249)","Number","833"
"TSA11C02","Number of Exporting Enterprises","2017","2017","-","All sectors","03","Large (250 or more)","Number","291"
"TSA11C02","Number of Exporting Enterprises","2017","2017","-","All sectors","99","Unknown","Number","25"
"TSA11C02","Number of Exporting Enterprises","2017","2017","-","All sectors","-","All Enterprises","Number","8633"
"TSA11C02","Number of Exporting Enterprises","2018","2018","10","Agriculture and Food (01-03,10-11)","05","Micro (0 to 9)","Number","351"
"TSA11C02","Number of Exporting Enterprises","2018","2018","10","Agriculture and Food (01-03,10-11)","01","Small (10 to 49)","Number","189"
"TSA11C02","Number of Exporting Enterprises","2018","2018","10","Agriculture and Food (01-03,10-11)","02","Medium (50 to 249)","Number","106"
"TSA11C02","Number of Exporting Enterprises","2018","2018","10","Agriculture and Food (01-03,10-11)","03","Large (250 or more)","Number","48"
"TSA11C02","Number of Exporting Enterprises","2018","2018","10","Agriculture and Food (01-03,10-11)","99","Unknown","Number",""
"TSA11C02","Number of Exporting Enterprises","2018","2018","10","Agriculture and Food (01-03,10-11)","-","All Enterprises","Number","694"
"TSA11C02","Number of Exporting Enterprises","2018","2018","20","Chemicals and Pharmaceuticals (20-21)","05","Micro (0 to 9)","Number","70"
"TSA11C02","Number of Exporting Enterprises","2018","2018","20","Chemicals and Pharmaceuticals (20-21)","01","Small (10 to 49)","Number","48"
"TSA11C02","Number of Exporting Enterprises","2018","2018","20","Chemicals and Pharmaceuticals (20-21)","02","Medium (50 to 249)","Number","49"
"TSA11C02","Number of Exporting Enterprises","2018","2018","20","Chemicals and Pharmaceuticals (20-21)","03","Large (250 or more)","Number","34"
"TSA11C02","Number of Exporting Enterprises","2018","2018","20","Chemicals and Pharmaceuticals (20-21)","99","Unknown","Number",""
"TSA11C02","Number of Exporting Enterprises","2018","2018","20","Chemicals and Pharmaceuticals (20-21)","-","All Enterprises","Number","201"
"TSA11C02","Number of Exporting Enterprises","2018","2018","30","Other Manufacturing and Construction (05-09, 12-19, 22-43)","05","Micro (0 to 9)","Number","1052"
"TSA11C02","Number of Exporting Enterprises","2018","2018","30","Other Manufacturing and Construction (05-09, 12-19, 22-43)","01","Small (10 to 49)","Number","709"
"TSA11C02","Number of Exporting Enterprises","2018","2018","30","Other Manufacturing and Construction (05-09, 12-19, 22-43)","02","Medium (50 to 249)","Number","330"
"TSA11C02","Number of Exporting Enterprises","2018","2018","30","Other Manufacturing and Construction (05-09, 12-19, 22-43)","03","Large (250 or more)","Number","88"
"TSA11C02","Number of Exporting Enterprises","2018","2018","30","Other Manufacturing and Construction (05-09, 12-19, 22-43)","99","Unknown","Number",""
"TSA11C02","Number of Exporting Enterprises","2018","2018","30","Other Manufacturing and Construction (05-09, 12-19, 22-43)","-","All Enterprises","Number","2179"
"TSA11C02","Number of Exporting Enterprises","2018","2018","40","Wholesale and Retail (45-47)","05","Micro (0 to 9)","Number","2607"
"TSA11C02","Number of Exporting Enterprises","2018","2018","40","Wholesale and Retail (45-47)","01","Small (10 to 49)","Number","1040"
"TSA11C02","Number of Exporting Enterprises","2018","2018","40","Wholesale and Retail (45-47)","02","Medium (50 to 249)","Number","215"
"TSA11C02","Number of Exporting Enterprises","2018","2018","40","Wholesale and Retail (45-47)","03","Large (250 or more)","Number","53"
"TSA11C02","Number of Exporting Enterprises","2018","2018","40","Wholesale and Retail (45-47)","99","Unknown","Number",""
"TSA11C02","Number of Exporting Enterprises","2018","2018","40","Wholesale and Retail (45-47)","-","All Enterprises","Number","3915"
"TSA11C02","Number of Exporting Enterprises","2018","2018","50","Services/other (49-98)","05","Micro (0 to 9)","Number","1155"
"TSA11C02","Number of Exporting Enterprises","2018","2018","50","Services/other (49-98)","01","Small (10 to 49)","Number","430"
"TSA11C02","Number of Exporting Enterprises","2018","2018","50","Services/other (49-98)","02","Medium (50 to 249)","Number","172"
"TSA11C02","Number of Exporting Enterprises","2018","2018","50","Services/other (49-98)","03","Large (250 or more)","Number","75"
"TSA11C02","Number of Exporting Enterprises","2018","2018","50","Services/other (49-98)","99","Unknown","Number",""
"TSA11C02","Number of Exporting Enterprises","2018","2018","50","Services/other (49-98)","-","All Enterprises","Number","1832"
"TSA11C02","Number of Exporting Enterprises","2018","2018","99","Unknown","05","Micro (0 to 9)","Number",""
"TSA11C02","Number of Exporting Enterprises","2018","2018","99","Unknown","01","Small (10 to 49)","Number",""
"TSA11C02","Number of Exporting Enterprises","2018","2018","99","Unknown","02","Medium (50 to 249)","Number",""
"TSA11C02","Number of Exporting Enterprises","2018","2018","99","Unknown","03","Large (250 or more)","Number",""
"TSA11C02","Number of Exporting Enterprises","2018","2018","99","Unknown","99","Unknown","Number","39"
"TSA11C02","Number of Exporting Enterprises","2018","2018","99","Unknown","-","All Enterprises","Number","39"
"TSA11C02","Number of Exporting Enterprises","2018","2018","-","All sectors","05","Micro (0 to 9)","Number","5235"
"TSA11C02","Number of Exporting Enterprises","2018","2018","-","All sectors","01","Small (10 to 49)","Number","2416"
"TSA11C02","Number of Exporting Enterprises","2018","2018","-","All sectors","02","Medium (50 to 249)","Number","872"
"TSA11C02","Number of Exporting Enterprises","2018","2018","-","All sectors","03","Large (250 or more)","Number","298"
"TSA11C02","Number of Exporting Enterprises","2018","2018","-","All sectors","99","Unknown","Number","39"
"TSA11C02","Number of Exporting Enterprises","2018","2018","-","All sectors","-","All Enterprises","Number","8860"
"TSA11C02","Number of Exporting Enterprises","2019","2019","10","Agriculture and Food (01-03,10-11)","05","Micro (0 to 9)","Number","464"
"TSA11C02","Number of Exporting Enterprises","2019","2019","10","Agriculture and Food (01-03,10-11)","01","Small (10 to 49)","Number","198"
"TSA11C02","Number of Exporting Enterprises","2019","2019","10","Agriculture and Food (01-03,10-11)","02","Medium (50 to 249)","Number","104"
"TSA11C02","Number of Exporting Enterprises","2019","2019","10","Agriculture and Food (01-03,10-11)","03","Large (250 or more)","Number","52"
"TSA11C02","Number of Exporting Enterprises","2019","2019","10","Agriculture and Food (01-03,10-11)","99","Unknown","Number",""
"TSA11C02","Number of Exporting Enterprises","2019","2019","10","Agriculture and Food (01-03,10-11)","-","All Enterprises","Number","818"
"TSA11C02","Number of Exporting Enterprises","2019","2019","20","Chemicals and Pharmaceuticals (20-21)","05","Micro (0 to 9)","Number","79"
"TSA11C02","Number of Exporting Enterprises","2019","2019","20","Chemicals and Pharmaceuticals (20-21)","01","Small (10 to 49)","Number","49"
"TSA11C02","Number of Exporting Enterprises","2019","2019","20","Chemicals and Pharmaceuticals (20-21)","02","Medium (50 to 249)","Number","46"
"TSA11C02","Number of Exporting Enterprises","2019","2019","20","Chemicals and Pharmaceuticals (20-21)","03","Large (250 or more)","Number","34"
"TSA11C02","Number of Exporting Enterprises","2019","2019","20","Chemicals and Pharmaceuticals (20-21)","99","Unknown","Number",""
"TSA11C02","Number of Exporting Enterprises","2019","2019","20","Chemicals and Pharmaceuticals (20-21)","-","All Enterprises","Number","208"
"TSA11C02","Number of Exporting Enterprises","2019","2019","30","Other Manufacturing and Construction (05-09, 12-19, 22-43)","05","Micro (0 to 9)","Number","1420"
"TSA11C02","Number of Exporting Enterprises","2019","2019","30","Other Manufacturing and Construction (05-09, 12-19, 22-43)","01","Small (10 to 49)","Number","763"
"TSA11C02","Number of Exporting Enterprises","2019","2019","30","Other Manufacturing and Construction (05-09, 12-19, 22-43)","02","Medium (50 to 249)","Number","326"
"TSA11C02","Number of Exporting Enterprises","2019","2019","30","Other Manufacturing and Construction (05-09, 12-19, 22-43)","03","Large (250 or more)","Number","87"
"TSA11C02","Number of Exporting Enterprises","2019","2019","30","Other Manufacturing and Construction (05-09, 12-19, 22-43)","99","Unknown","Number",""
"TSA11C02","Number of Exporting Enterprises","2019","2019","30","Other Manufacturing and Construction (05-09, 12-19, 22-43)","-","All Enterprises","Number","2596"
"TSA11C02","Number of Exporting Enterprises","2019","2019","40","Wholesale and Retail (45-47)","05","Micro (0 to 9)","Number","3008"
"TSA11C02","Number of Exporting Enterprises","2019","2019","40","Wholesale and Retail (45-47)","01","Small (10 to 49)","Number","1161"
"TSA11C02","Number of Exporting Enterprises","2019","2019","40","Wholesale and Retail (45-47)","02","Medium (50 to 249)","Number","220"
"TSA11C02","Number of Exporting Enterprises","2019","2019","40","Wholesale and Retail (45-47)","03","Large (250 or more)","Number","53"
"TSA11C02","Number of Exporting Enterprises","2019","2019","40","Wholesale and Retail (45-47)","99","Unknown","Number",""
"TSA11C02","Number of Exporting Enterprises","2019","2019","40","Wholesale and Retail (45-47)","-","All Enterprises","Number","4442"
"TSA11C02","Number of Exporting Enterprises","2019","2019","50","Services/other (49-98)","05","Micro (0 to 9)","Number","1869"
"TSA11C02","Number of Exporting Enterprises","2019","2019","50","Services/other (49-98)","01","Small (10 to 49)","Number","560"
"TSA11C02","Number of Exporting Enterprises","2019","2019","50","Services/other (49-98)","02","Medium (50 to 249)","Number","228"
"TSA11C02","Number of Exporting Enterprises","2019","2019","50","Services/other (49-98)","03","Large (250 or more)","Number","94"
"TSA11C02","Number of Exporting Enterprises","2019","2019","50","Services/other (49-98)","99","Unknown","Number",""
"TSA11C02","Number of Exporting Enterprises","2019","2019","50","Services/other (49-98)","-","All Enterprises","Number","2751"
"TSA11C02","Number of Exporting Enterprises","2019","2019","99","Unknown","05","Micro (0 to 9)","Number",""
"TSA11C02","Number of Exporting Enterprises","2019","2019","99","Unknown","01","Small (10 to 49)","Number",""
"TSA11C02","Number of Exporting Enterprises","2019","2019","99","Unknown","02","Medium (50 to 249)","Number",""
"TSA11C02","Number of Exporting Enterprises","2019","2019","99","Unknown","03","Large (250 or more)","Number",""
"TSA11C02","Number of Exporting Enterprises","2019","2019","99","Unknown","99","Unknown","Number","65"
"TSA11C02","Number of Exporting Enterprises","2019","2019","99","Unknown","-","All Enterprises","Number","65"
"TSA11C02","Number of Exporting Enterprises","2019","2019","-","All sectors","05","Micro (0 to 9)","Number","6840"
"TSA11C02","Number of Exporting Enterprises","2019","2019","-","All sectors","01","Small (10 to 49)","Number","2731"
"TSA11C02","Number of Exporting Enterprises","2019","2019","-","All sectors","02","Medium (50 to 249)","Number","924"
"TSA11C02","Number of Exporting Enterprises","2019","2019","-","All sectors","03","Large (250 or more)","Number","320"
"TSA11C02","Number of Exporting Enterprises","2019","2019","-","All sectors","99","Unknown","Number","65"
"TSA11C02","Number of Exporting Enterprises","2019","2019","-","All sectors","-","All Enterprises","Number","10880"
"TSA11C02","Number of Exporting Enterprises","2020","2020","10","Agriculture and Food (01-03,10-11)","05","Micro (0 to 9)","Number","463"
"TSA11C02","Number of Exporting Enterprises","2020","2020","10","Agriculture and Food (01-03,10-11)","01","Small (10 to 49)","Number","174"
"TSA11C02","Number of Exporting Enterprises","2020","2020","10","Agriculture and Food (01-03,10-11)","02","Medium (50 to 249)","Number","119"
"TSA11C02","Number of Exporting Enterprises","2020","2020","10","Agriculture and Food (01-03,10-11)","03","Large (250 or more)","Number","54"
"TSA11C02","Number of Exporting Enterprises","2020","2020","10","Agriculture and Food (01-03,10-11)","99","Unknown","Number",""
"TSA11C02","Number of Exporting Enterprises","2020","2020","10","Agriculture and Food (01-03,10-11)","-","All Enterprises","Number","810"
"TSA11C02","Number of Exporting Enterprises","2020","2020","20","Chemicals and Pharmaceuticals (20-21)","05","Micro (0 to 9)","Number","85"
"TSA11C02","Number of Exporting Enterprises","2020","2020","20","Chemicals and Pharmaceuticals (20-21)","01","Small (10 to 49)","Number","50"
"TSA11C02","Number of Exporting Enterprises","2020","2020","20","Chemicals and Pharmaceuticals (20-21)","02","Medium (50 to 249)","Number","42"
"TSA11C02","Number of Exporting Enterprises","2020","2020","20","Chemicals and Pharmaceuticals (20-21)","03","Large (250 or more)","Number","38"
"TSA11C02","Number of Exporting Enterprises","2020","2020","20","Chemicals and Pharmaceuticals (20-21)","99","Unknown","Number",""
"TSA11C02","Number of Exporting Enterprises","2020","2020","20","Chemicals and Pharmaceuticals (20-21)","-","All Enterprises","Number","215"
"TSA11C02","Number of Exporting Enterprises","2020","2020","30","Other Manufacturing and Construction (05-09, 12-19, 22-43)","05","Micro (0 to 9)","Number","1403"
"TSA11C02","Number of Exporting Enterprises","2020","2020","30","Other Manufacturing and Construction (05-09, 12-19, 22-43)","01","Small (10 to 49)","Number","693"
"TSA11C02","Number of Exporting Enterprises","2020","2020","30","Other Manufacturing and Construction (05-09, 12-19, 22-43)","02","Medium (50 to 249)","Number","339"
"TSA11C02","Number of Exporting Enterprises","2020","2020","30","Other Manufacturing and Construction (05-09, 12-19, 22-43)","03","Large (250 or more)","Number","87"
"TSA11C02","Number of Exporting Enterprises","2020","2020","30","Other Manufacturing and Construction (05-09, 12-19, 22-43)","99","Unknown","Number",""
"TSA11C02","Number of Exporting Enterprises","2020","2020","30","Other Manufacturing and Construction (05-09, 12-19, 22-43)","-","All Enterprises","Number","2522"
"TSA11C02","Number of Exporting Enterprises","2020","2020","40","Wholesale and Retail (45-47)","05","Micro (0 to 9)","Number","2983"
"TSA11C02","Number of Exporting Enterprises","2020","2020","40","Wholesale and Retail (45-47)","01","Small (10 to 49)","Number","1083"
"TSA11C02","Number of Exporting Enterprises","2020","2020","40","Wholesale and Retail (45-47)","02","Medium (50 to 249)","Number","241"
"TSA11C02","Number of Exporting Enterprises","2020","2020","40","Wholesale and Retail (45-47)","03","Large (250 or more)","Number","55"
"TSA11C02","Number of Exporting Enterprises","2020","2020","40","Wholesale and Retail (45-47)","99","Unknown","Number",""
"TSA11C02","Number of Exporting Enterprises","2020","2020","40","Wholesale and Retail (45-47)","-","All Enterprises","Number","4362"
"TSA11C02","Number of Exporting Enterprises","2020","2020","50","Services/other (49-98)","05","Micro (0 to 9)","Number","1775"
"TSA11C02","Number of Exporting Enterprises","2020","2020","50","Services/other (49-98)","01","Small (10 to 49)","Number","534"
"TSA11C02","Number of Exporting Enterprises","2020","2020","50","Services/other (49-98)","02","Medium (50 to 249)","Number","227"
"TSA11C02","Number of Exporting Enterprises","2020","2020","50","Services/other (49-98)","03","Large (250 or more)","Number","105"
"TSA11C02","Number of Exporting Enterprises","2020","2020","50","Services/other (49-98)","99","Unknown","Number",""
"TSA11C02","Number of Exporting Enterprises","2020","2020","50","Services/other (49-98)","-","All Enterprises","Number","2641"
"TSA11C02","Number of Exporting Enterprises","2020","2020","99","Unknown","05","Micro (0 to 9)","Number",""
"TSA11C02","Number of Exporting Enterprises","2020","2020","99","Unknown","01","Small (10 to 49)","Number",""
"TSA11C02","Number of Exporting Enterprises","2020","2020","99","Unknown","02","Medium (50 to 249)","Number",""
"TSA11C02","Number of Exporting Enterprises","2020","2020","99","Unknown","03","Large (250 or more)","Number",""
"TSA11C02","Number of Exporting Enterprises","2020","2020","99","Unknown","99","Unknown","Number","50"
"TSA11C02","Number of Exporting Enterprises","2020","2020","99","Unknown","-","All Enterprises","Number","50"
"TSA11C02","Number of Exporting Enterprises","2020","2020","-","All sectors","05","Micro (0 to 9)","Number","6709"
"TSA11C02","Number of Exporting Enterprises","2020","2020","-","All sectors","01","Small (10 to 49)","Number","2534"
"TSA11C02","Number of Exporting Enterprises","2020","2020","-","All sectors","02","Medium (50 to 249)","Number","968"
"TSA11C02","Number of Exporting Enterprises","2020","2020","-","All sectors","03","Large (250 or more)","Number","339"
"TSA11C02","Number of Exporting Enterprises","2020","2020","-","All sectors","99","Unknown","Number","50"
"TSA11C02","Number of Exporting Enterprises","2020","2020","-","All sectors","-","All Enterprises","Number","10600"
"TSA11C03","Value of Imports","2017","2017","10","Agriculture and Food (01-03,10-11)","05","Micro (0 to 9)","Euro Million","240"
"TSA11C03","Value of Imports","2017","2017","10","Agriculture and Food (01-03,10-11)","01","Small (10 to 49)","Euro Million","434"
"TSA11C03","Value of Imports","2017","2017","10","Agriculture and Food (01-03,10-11)","02","Medium (50 to 249)","Euro Million","883"
"TSA11C03","Value of Imports","2017","2017","10","Agriculture and Food (01-03,10-11)","03","Large (250 or more)","Euro Million","2153"
"TSA11C03","Value of Imports","2017","2017","10","Agriculture and Food (01-03,10-11)","99","Unknown","Euro Million",""
"TSA11C03","Value of Imports","2017","2017","10","Agriculture and Food (01-03,10-11)","-","All Enterprises","Euro Million","3709"
"TSA11C03","Value of Imports","2017","2017","20","Chemicals and Pharmaceuticals (20-21)","05","Micro (0 to 9)","Euro Million","297"
"TSA11C03","Value of Imports","2017","2017","20","Chemicals and Pharmaceuticals (20-21)","01","Small (10 to 49)","Euro Million","336"
"TSA11C03","Value of Imports","2017","2017","20","Chemicals and Pharmaceuticals (20-21)","02","Medium (50 to 249)","Euro Million","866"
"TSA11C03","Value of Imports","2017","2017","20","Chemicals and Pharmaceuticals (20-21)","03","Large (250 or more)","Euro Million","9539"
"TSA11C03","Value of Imports","2017","2017","20","Chemicals and Pharmaceuticals (20-21)","99","Unknown","Euro Million",""
"TSA11C03","Value of Imports","2017","2017","20","Chemicals and Pharmaceuticals (20-21)","-","All Enterprises","Euro Million","11038"
"TSA11C03","Value of Imports","2017","2017","30","Other Manufacturing and Construction (05-09, 12-19, 22-43)","05","Micro (0 to 9)","Euro Million","971"
"TSA11C03","Value of Imports","2017","2017","30","Other Manufacturing and Construction (05-09, 12-19, 22-43)","01","Small (10 to 49)","Euro Million","1340"
"TSA11C03","Value of Imports","2017","2017","30","Other Manufacturing and Construction (05-09, 12-19, 22-43)","02","Medium (50 to 249)","Euro Million","4412"
"TSA11C03","Value of Imports","2017","2017","30","Other Manufacturing and Construction (05-09, 12-19, 22-43)","03","Large (250 or more)","Euro Million","6283"
"TSA11C03","Value of Imports","2017","2017","30","Other Manufacturing and Construction (05-09, 12-19, 22-43)","99","Unknown","Euro Million",""
"TSA11C03","Value of Imports","2017","2017","30","Other Manufacturing and Construction (05-09, 12-19, 22-43)","-","All Enterprises","Euro Million","13006"
"TSA11C03","Value of Imports","2017","2017","40","Wholesale and Retail (45-47)","05","Micro (0 to 9)","Euro Million","5784"
"TSA11C03","Value of Imports","2017","2017","40","Wholesale and Retail (45-47)","01","Small (10 to 49)","Euro Million","8496"
"TSA11C03","Value of Imports","2017","2017","40","Wholesale and Retail (45-47)","02","Medium (50 to 249)","Euro Million","6224"
"TSA11C03","Value of Imports","2017","2017","40","Wholesale and Retail (45-47)","03","Large (250 or more)","Euro Million","6359"
"TSA11C03","Value of Imports","2017","2017","40","Wholesale and Retail (45-47)","99","Unknown","Euro Million",""
"TSA11C03","Value of Imports","2017","2017","40","Wholesale and Retail (45-47)","-","All Enterprises","Euro Million","26862"
"TSA11C03","Value of Imports","2017","2017","50","Services/other (49-98)","05","Micro (0 to 9)","Euro Million","9642"
"TSA11C03","Value of Imports","2017","2017","50","Services/other (49-98)","01","Small (10 to 49)","Euro Million","2982"
"TSA11C03","Value of Imports","2017","2017","50","Services/other (49-98)","02","Medium (50 to 249)","Euro Million","10744"
"TSA11C03","Value of Imports","2017","2017","50","Services/other (49-98)","03","Large (250 or more)","Euro Million","2728"
"TSA11C03","Value of Imports","2017","2017","50","Services/other (49-98)","99","Unknown","Euro Million",""
"TSA11C03","Value of Imports","2017","2017","50","Services/other (49-98)","-","All Enterprises","Euro Million","26095"
"TSA11C03","Value of Imports","2017","2017","99","Unknown","05","Micro (0 to 9)","Euro Million",""
"TSA11C03","Value of Imports","2017","2017","99","Unknown","01","Small (10 to 49)","Euro Million",""
"TSA11C03","Value of Imports","2017","2017","99","Unknown","02","Medium (50 to 249)","Euro Million",""
"TSA11C03","Value of Imports","2017","2017","99","Unknown","03","Large (250 or more)","Euro Million",""
"TSA11C03","Value of Imports","2017","2017","99","Unknown","99","Unknown","Euro Million","1885"
"TSA11C03","Value of Imports","2017","2017","99","Unknown","-","All Enterprises","Euro Million","1885"
"TSA11C03","Value of Imports","2017","2017","-","All sectors","05","Micro (0 to 9)","Euro Million","16933"
"TSA11C03","Value of Imports","2017","2017","-","All sectors","01","Small (10 to 49)","Euro Million","13588"
"TSA11C03","Value of Imports","2017","2017","-","All sectors","02","Medium (50 to 249)","Euro Million","23128"
"TSA11C03","Value of Imports","2017","2017","-","All sectors","03","Large (250 or more)","Euro Million","27061"
"TSA11C03","Value of Imports","2017","2017","-","All sectors","99","Unknown","Euro Million","1885"
"TSA11C03","Value of Imports","2017","2017","-","All sectors","-","All Enterprises","Euro Million","82595"
"TSA11C03","Value of Imports","2018","2018","10","Agriculture and Food (01-03,10-11)","05","Micro (0 to 9)","Euro Million","266"
"TSA11C03","Value of Imports","2018","2018","10","Agriculture and Food (01-03,10-11)","01","Small (10 to 49)","Euro Million","484"
"TSA11C03","Value of Imports","2018","2018","10","Agriculture and Food (01-03,10-11)","02","Medium (50 to 249)","Euro Million","819"
"TSA11C03","Value of Imports","2018","2018","10","Agriculture and Food (01-03,10-11)","03","Large (250 or more)","Euro Million","2068"
"TSA11C03","Value of Imports","2018","2018","10","Agriculture and Food (01-03,10-11)","99","Unknown","Euro Million",""
"TSA11C03","Value of Imports","2018","2018","10","Agriculture and Food (01-03,10-11)","-","All Enterprises","Euro Million","3637"
"TSA11C03","Value of Imports","2018","2018","20","Chemicals and Pharmaceuticals (20-21)","05","Micro (0 to 9)","Euro Million","219"
"TSA11C03","Value of Imports","2018","2018","20","Chemicals and Pharmaceuticals (20-21)","01","Small (10 to 49)","Euro Million","307"
"TSA11C03","Value of Imports","2018","2018","20","Chemicals and Pharmaceuticals (20-21)","02","Medium (50 to 249)","Euro Million","988"
"TSA11C03","Value of Imports","2018","2018","20","Chemicals and Pharmaceuticals (20-21)","03","Large (250 or more)","Euro Million","7717"
"TSA11C03","Value of Imports","2018","2018","20","Chemicals and Pharmaceuticals (20-21)","99","Unknown","Euro Million",""
"TSA11C03","Value of Imports","2018","2018","20","Chemicals and Pharmaceuticals (20-21)","-","All Enterprises","Euro Million","9231"
"TSA11C03","Value of Imports","2018","2018","30","Other Manufacturing and Construction (05-09, 12-19, 22-43)","05","Micro (0 to 9)","Euro Million","1100"
"TSA11C03","Value of Imports","2018","2018","30","Other Manufacturing and Construction (05-09, 12-19, 22-43)","01","Small (10 to 49)","Euro Million","1377"
"TSA11C03","Value of Imports","2018","2018","30","Other Manufacturing and Construction (05-09, 12-19, 22-43)","02","Medium (50 to 249)","Euro Million","4943"
"TSA11C03","Value of Imports","2018","2018","30","Other Manufacturing and Construction (05-09, 12-19, 22-43)","03","Large (250 or more)","Euro Million","7118"
"TSA11C03","Value of Imports","2018","2018","30","Other Manufacturing and Construction (05-09, 12-19, 22-43)","99","Unknown","Euro Million",""
"TSA11C03","Value of Imports","2018","2018","30","Other Manufacturing and Construction (05-09, 12-19, 22-43)","-","All Enterprises","Euro Million","14539"
"TSA11C03","Value of Imports","2018","2018","40","Wholesale and Retail (45-47)","05","Micro (0 to 9)","Euro Million","10722"
"TSA11C03","Value of Imports","2018","2018","40","Wholesale and Retail (45-47)","01","Small (10 to 49)","Euro Million","9724"
"TSA11C03","Value of Imports","2018","2018","40","Wholesale and Retail (45-47)","02","Medium (50 to 249)","Euro Million","6472"
"TSA11C03","Value of Imports","2018","2018","40","Wholesale and Retail (45-47)","03","Large (250 or more)","Euro Million","6659"
"TSA11C03","Value of Imports","2018","2018","40","Wholesale and Retail (45-47)","99","Unknown","Euro Million",""
"TSA11C03","Value of Imports","2018","2018","40","Wholesale and Retail (45-47)","-","All Enterprises","Euro Million","33576"
"TSA11C03","Value of Imports","2018","2018","50","Services/other (49-98)","05","Micro (0 to 9)","Euro Million","5784"
"TSA11C03","Value of Imports","2018","2018","50","Services/other (49-98)","01","Small (10 to 49)","Euro Million","2416"
"TSA11C03","Value of Imports","2018","2018","50","Services/other (49-98)","02","Medium (50 to 249)","Euro Million","11515"
"TSA11C03","Value of Imports","2018","2018","50","Services/other (49-98)","03","Large (250 or more)","Euro Million","8421"
"TSA11C03","Value of Imports","2018","2018","50","Services/other (49-98)","99","Unknown","Euro Million",""
"TSA11C03","Value of Imports","2018","2018","50","Services/other (49-98)","-","All Enterprises","Euro Million","28137"
"TSA11C03","Value of Imports","2018","2018","99","Unknown","05","Micro (0 to 9)","Euro Million",""
"TSA11C03","Value of Imports","2018","2018","99","Unknown","01","Small (10 to 49)","Euro Million",""
"TSA11C03","Value of Imports","2018","2018","99","Unknown","02","Medium (50 to 249)","Euro Million",""
"TSA11C03","Value of Imports","2018","2018","99","Unknown","03","Large (250 or more)","Euro Million",""
"TSA11C03","Value of Imports","2018","2018","99","Unknown","99","Unknown","Euro Million","2242"
"TSA11C03","Value of Imports","2018","2018","99","Unknown","-","All Enterprises","Euro Million","2242"
"TSA11C03","Value of Imports","2018","2018","-","All sectors","05","Micro (0 to 9)","Euro Million","18092"
"TSA11C03","Value of Imports","2018","2018","-","All sectors","01","Small (10 to 49)","Euro Million","14309"
"TSA11C03","Value of Imports","2018","2018","-","All sectors","02","Medium (50 to 249)","Euro Million","24736"
"TSA11C03","Value of Imports","2018","2018","-","All sectors","03","Large (250 or more)","Euro Million","31982"
"TSA11C03","Value of Imports","2018","2018","-","All sectors","99","Unknown","Euro Million","2242"
"TSA11C03","Value of Imports","2018","2018","-","All sectors","-","All Enterprises","Euro Million","91362"
"TSA11C03","Value of Imports","2019","2019","10","Agriculture and Food (01-03,10-11)","05","Micro (0 to 9)","Euro Million","278"
"TSA11C03","Value of Imports","2019","2019","10","Agriculture and Food (01-03,10-11)","01","Small (10 to 49)","Euro Million","484"
"TSA11C03","Value of Imports","2019","2019","10","Agriculture and Food (01-03,10-11)","02","Medium (50 to 249)","Euro Million","1001"
"TSA11C03","Value of Imports","2019","2019","10","Agriculture and Food (01-03,10-11)","03","Large (250 or more)","Euro Million","2136"
"TSA11C03","Value of Imports","2019","2019","10","Agriculture and Food (01-03,10-11)","99","Unknown","Euro Million",""
"TSA11C03","Value of Imports","2019","2019","10","Agriculture and Food (01-03,10-11)","-","All Enterprises","Euro Million","3899"
"TSA11C03","Value of Imports","2019","2019","20","Chemicals and Pharmaceuticals (20-21)","05","Micro (0 to 9)","Euro Million","194"
"TSA11C03","Value of Imports","2019","2019","20","Chemicals and Pharmaceuticals (20-21)","01","Small (10 to 49)","Euro Million","295"
"TSA11C03","Value of Imports","2019","2019","20","Chemicals and Pharmaceuticals (20-21)","02","Medium (50 to 249)","Euro Million","907"
"TSA11C03","Value of Imports","2019","2019","20","Chemicals and Pharmaceuticals (20-21)","03","Large (250 or more)","Euro Million","8442"
"TSA11C03","Value of Imports","2019","2019","20","Chemicals and Pharmaceuticals (20-21)","99","Unknown","Euro Million",""
"TSA11C03","Value of Imports","2019","2019","20","Chemicals and Pharmaceuticals (20-21)","-","All Enterprises","Euro Million","9837"
"TSA11C03","Value of Imports","2019","2019","30","Other Manufacturing and Construction (05-09, 12-19, 22-43)","05","Micro (0 to 9)","Euro Million","1355"
"TSA11C03","Value of Imports","2019","2019","30","Other Manufacturing and Construction (05-09, 12-19, 22-43)","01","Small (10 to 49)","Euro Million","1452"
"TSA11C03","Value of Imports","2019","2019","30","Other Manufacturing and Construction (05-09, 12-19, 22-43)","02","Medium (50 to 249)","Euro Million","5034"
"TSA11C03","Value of Imports","2019","2019","30","Other Manufacturing and Construction (05-09, 12-19, 22-43)","03","Large (250 or more)","Euro Million","6797"
"TSA11C03","Value of Imports","2019","2019","30","Other Manufacturing and Construction (05-09, 12-19, 22-43)","99","Unknown","Euro Million",""
"TSA11C03","Value of Imports","2019","2019","30","Other Manufacturing and Construction (05-09, 12-19, 22-43)","-","All Enterprises","Euro Million","14639"
"TSA11C03","Value of Imports","2019","2019","40","Wholesale and Retail (45-47)","05","Micro (0 to 9)","Euro Million","6757"
"TSA11C03","Value of Imports","2019","2019","40","Wholesale and Retail (45-47)","01","Small (10 to 49)","Euro Million","9539"
"TSA11C03","Value of Imports","2019","2019","40","Wholesale and Retail (45-47)","02","Medium (50 to 249)","Euro Million","6713"
"TSA11C03","Value of Imports","2019","2019","40","Wholesale and Retail (45-47)","03","Large (250 or more)","Euro Million","6639"
"TSA11C03","Value of Imports","2019","2019","40","Wholesale and Retail (45-47)","99","Unknown","Euro Million",""
"TSA11C03","Value of Imports","2019","2019","40","Wholesale and Retail (45-47)","-","All Enterprises","Euro Million","29648"
"TSA11C03","Value of Imports","2019","2019","50","Services/other (49-98)","05","Micro (0 to 9)","Euro Million","7860"
"TSA11C03","Value of Imports","2019","2019","50","Services/other (49-98)","01","Small (10 to 49)","Euro Million","4045"
"TSA11C03","Value of Imports","2019","2019","50","Services/other (49-98)","02","Medium (50 to 249)","Euro Million","9795"
"TSA11C03","Value of Imports","2019","2019","50","Services/other (49-98)","03","Large (250 or more)","Euro Million","6186"
"TSA11C03","Value of Imports","2019","2019","50","Services/other (49-98)","99","Unknown","Euro Million",""
"TSA11C03","Value of Imports","2019","2019","50","Services/other (49-98)","-","All Enterprises","Euro Million","27887"
"TSA11C03","Value of Imports","2019","2019","99","Unknown","05","Micro (0 to 9)","Euro Million",""
"TSA11C03","Value of Imports","2019","2019","99","Unknown","01","Small (10 to 49)","Euro Million",""
"TSA11C03","Value of Imports","2019","2019","99","Unknown","02","Medium (50 to 249)","Euro Million",""
"TSA11C03","Value of Imports","2019","2019","99","Unknown","03","Large (250 or more)","Euro Million",""
"TSA11C03","Value of Imports","2019","2019","99","Unknown","99","Unknown","Euro Million","4418"
"TSA11C03","Value of Imports","2019","2019","99","Unknown","-","All Enterprises","Euro Million","4418"
"TSA11C03","Value of Imports","2019","2019","-","All sectors","05","Micro (0 to 9)","Euro Million","16444"
"TSA11C03","Value of Imports","2019","2019","-","All sectors","01","Small (10 to 49)","Euro Million","15815"
"TSA11C03","Value of Imports","2019","2019","-","All sectors","02","Medium (50 to 249)","Euro Million","23452"
"TSA11C03","Value of Imports","2019","2019","-","All sectors","03","Large (250 or more)","Euro Million","30200"
"TSA11C03","Value of Imports","2019","2019","-","All sectors","99","Unknown","Euro Million","4418"
"TSA11C03","Value of Imports","2019","2019","-","All sectors","-","All Enterprises","Euro Million","90328"
"TSA11C03","Value of Imports","2020","2020","10","Agriculture and Food (01-03,10-11)","05","Micro (0 to 9)","Euro Million","476"
"TSA11C03","Value of Imports","2020","2020","10","Agriculture and Food (01-03,10-11)","01","Small (10 to 49)","Euro Million","342"
"TSA11C03","Value of Imports","2020","2020","10","Agriculture and Food (01-03,10-11)","02","Medium (50 to 249)","Euro Million","797"
"TSA11C03","Value of Imports","2020","2020","10","Agriculture and Food (01-03,10-11)","03","Large (250 or more)","Euro Million","1964"
"TSA11C03","Value of Imports","2020","2020","10","Agriculture and Food (01-03,10-11)","99","Unknown","Euro Million",""
"TSA11C03","Value of Imports","2020","2020","10","Agriculture and Food (01-03,10-11)","-","All Enterprises","Euro Million","3579"
"TSA11C03","Value of Imports","2020","2020","20","Chemicals and Pharmaceuticals (20-21)","05","Micro (0 to 9)","Euro Million","246"
"TSA11C03","Value of Imports","2020","2020","20","Chemicals and Pharmaceuticals (20-21)","01","Small (10 to 49)","Euro Million","262"
"TSA11C03","Value of Imports","2020","2020","20","Chemicals and Pharmaceuticals (20-21)","02","Medium (50 to 249)","Euro Million","1615"
"TSA11C03","Value of Imports","2020","2020","20","Chemicals and Pharmaceuticals (20-21)","03","Large (250 or more)","Euro Million","12468"
"TSA11C03","Value of Imports","2020","2020","20","Chemicals and Pharmaceuticals (20-21)","99","Unknown","Euro Million",""
"TSA11C03","Value of Imports","2020","2020","20","Chemicals and Pharmaceuticals (20-21)","-","All Enterprises","Euro Million","14592"
"TSA11C03","Value of Imports","2020","2020","30","Other Manufacturing and Construction (05-09, 12-19, 22-43)","05","Micro (0 to 9)","Euro Million","1231"
"TSA11C03","Value of Imports","2020","2020","30","Other Manufacturing and Construction (05-09, 12-19, 22-43)","01","Small (10 to 49)","Euro Million","1948"
"TSA11C03","Value of Imports","2020","2020","30","Other Manufacturing and Construction (05-09, 12-19, 22-43)","02","Medium (50 to 249)","Euro Million","3505"
"TSA11C03","Value of Imports","2020","2020","30","Other Manufacturing and Construction (05-09, 12-19, 22-43)","03","Large (250 or more)","Euro Million","7512"
"TSA11C03","Value of Imports","2020","2020","30","Other Manufacturing and Construction (05-09, 12-19, 22-43)","99","Unknown","Euro Million",""
"TSA11C03","Value of Imports","2020","2020","30","Other Manufacturing and Construction (05-09, 12-19, 22-43)","-","All Enterprises","Euro Million","14196"
"TSA11C03","Value of Imports","2020","2020","40","Wholesale and Retail (45-47)","05","Micro (0 to 9)","Euro Million","7104"
"TSA11C03","Value of Imports","2020","2020","40","Wholesale and Retail (45-47)","01","Small (10 to 49)","Euro Million","10092"
"TSA11C03","Value of Imports","2020","2020","40","Wholesale and Retail (45-47)","02","Medium (50 to 249)","Euro Million","6362"
"TSA11C03","Value of Imports","2020","2020","40","Wholesale and Retail (45-47)","03","Large (250 or more)","Euro Million","6658"
"TSA11C03","Value of Imports","2020","2020","40","Wholesale and Retail (45-47)","99","Unknown","Euro Million",""
"TSA11C03","Value of Imports","2020","2020","40","Wholesale and Retail (45-47)","-","All Enterprises","Euro Million","30217"
"TSA11C03","Value of Imports","2020","2020","50","Services/other (49-98)","05","Micro (0 to 9)","Euro Million","5040"
"TSA11C03","Value of Imports","2020","2020","50","Services/other (49-98)","01","Small (10 to 49)","Euro Million","3440"
"TSA11C03","Value of Imports","2020","2020","50","Services/other (49-98)","02","Medium (50 to 249)","Euro Million","8271"
"TSA11C03","Value of Imports","2020","2020","50","Services/other (49-98)","03","Large (250 or more)","Euro Million","4031"
"TSA11C03","Value of Imports","2020","2020","50","Services/other (49-98)","99","Unknown","Euro Million",""
"TSA11C03","Value of Imports","2020","2020","50","Services/other (49-98)","-","All Enterprises","Euro Million","20781"
"TSA11C03","Value of Imports","2020","2020","99","Unknown","05","Micro (0 to 9)","Euro Million",""
"TSA11C03","Value of Imports","2020","2020","99","Unknown","01","Small (10 to 49)","Euro Million",""
"TSA11C03","Value of Imports","2020","2020","99","Unknown","02","Medium (50 to 249)","Euro Million",""
"TSA11C03","Value of Imports","2020","2020","99","Unknown","03","Large (250 or more)","Euro Million",""
"TSA11C03","Value of Imports","2020","2020","99","Unknown","99","Unknown","Euro Million","3837"
"TSA11C03","Value of Imports","2020","2020","99","Unknown","-","All Enterprises","Euro Million","3837"
"TSA11C03","Value of Imports","2020","2020","-","All sectors","05","Micro (0 to 9)","Euro Million","14097"
"TSA11C03","Value of Imports","2020","2020","-","All sectors","01","Small (10 to 49)","Euro Million","16084"
"TSA11C03","Value of Imports","2020","2020","-","All sectors","02","Medium (50 to 249)","Euro Million","20551"
"TSA11C03","Value of Imports","2020","2020","-","All sectors","03","Large (250 or more)","Euro Million","32634"
"TSA11C03","Value of Imports","2020","2020","-","All sectors","99","Unknown","Euro Million","3837"
"TSA11C03","Value of Imports","2020","2020","-","All sectors","-","All Enterprises","Euro Million","87202"
"TSA11C04","Number of Importing Enterprises","2017","2017","10","Agriculture and Food (01-03,10-11)","05","Micro (0 to 9)","Number","1194"
"TSA11C04","Number of Importing Enterprises","2017","2017","10","Agriculture and Food (01-03,10-11)","01","Small (10 to 49)","Number","305"
"TSA11C04","Number of Importing Enterprises","2017","2017","10","Agriculture and Food (01-03,10-11)","02","Medium (50 to 249)","Number","139"
"TSA11C04","Number of Importing Enterprises","2017","2017","10","Agriculture and Food (01-03,10-11)","03","Large (250 or more)","Number","43"
"TSA11C04","Number of Importing Enterprises","2017","2017","10","Agriculture and Food (01-03,10-11)","99","Unknown","Number",""
"TSA11C04","Number of Importing Enterprises","2017","2017","10","Agriculture and Food (01-03,10-11)","-","All Enterprises","Number","1681"
"TSA11C04","Number of Importing Enterprises","2017","2017","20","Chemicals and Pharmaceuticals (20-21)","05","Micro (0 to 9)","Number","95"
"TSA11C04","Number of Importing Enterprises","2017","2017","20","Chemicals and Pharmaceuticals (20-21)","01","Small (10 to 49)","Number","58"
"TSA11C04","Number of Importing Enterprises","2017","2017","20","Chemicals and Pharmaceuticals (20-21)","02","Medium (50 to 249)","Number","48"
"TSA11C04","Number of Importing Enterprises","2017","2017","20","Chemicals and Pharmaceuticals (20-21)","03","Large (250 or more)","Number","35"
"TSA11C04","Number of Importing Enterprises","2017","2017","20","Chemicals and Pharmaceuticals (20-21)","99","Unknown","Number",""
"TSA11C04","Number of Importing Enterprises","2017","2017","20","Chemicals and Pharmaceuticals (20-21)","-","All Enterprises","Number","236"
"TSA11C04","Number of Importing Enterprises","2017","2017","30","Other Manufacturing and Construction (05-09, 12-19, 22-43)","05","Micro (0 to 9)","Number","4687"
"TSA11C04","Number of Importing Enterprises","2017","2017","30","Other Manufacturing and Construction (05-09, 12-19, 22-43)","01","Small (10 to 49)","Number","1711"
"TSA11C04","Number of Importing Enterprises","2017","2017","30","Other Manufacturing and Construction (05-09, 12-19, 22-43)","02","Medium (50 to 249)","Number","458"
"TSA11C04","Number of Importing Enterprises","2017","2017","30","Other Manufacturing and Construction (05-09, 12-19, 22-43)","03","Large (250 or more)","Number","96"
"TSA11C04","Number of Importing Enterprises","2017","2017","30","Other Manufacturing and Construction (05-09, 12-19, 22-43)","99","Unknown","Number",""
"TSA11C04","Number of Importing Enterprises","2017","2017","30","Other Manufacturing and Construction (05-09, 12-19, 22-43)","-","All Enterprises","Number","6952"
"TSA11C04","Number of Importing Enterprises","2017","2017","40","Wholesale and Retail (45-47)","05","Micro (0 to 9)","Number","11278"
"TSA11C04","Number of Importing Enterprises","2017","2017","40","Wholesale and Retail (45-47)","01","Small (10 to 49)","Number","3124"
"TSA11C04","Number of Importing Enterprises","2017","2017","40","Wholesale and Retail (45-47)","02","Medium (50 to 249)","Number","516"
"TSA11C04","Number of Importing Enterprises","2017","2017","40","Wholesale and Retail (45-47)","03","Large (250 or more)","Number","86"
"TSA11C04","Number of Importing Enterprises","2017","2017","40","Wholesale and Retail (45-47)","99","Unknown","Number",""
"TSA11C04","Number of Importing Enterprises","2017","2017","40","Wholesale and Retail (45-47)","-","All Enterprises","Number","15004"
"TSA11C04","Number of Importing Enterprises","2017","2017","50","Services/other (49-98)","05","Micro (0 to 9)","Number","4846"
"TSA11C04","Number of Importing Enterprises","2017","2017","50","Services/other (49-98)","01","Small (10 to 49)","Number","1830"
"TSA11C04","Number of Importing Enterprises","2017","2017","50","Services/other (49-98)","02","Medium (50 to 249)","Number","665"
"TSA11C04","Number of Importing Enterprises","2017","2017","50","Services/other (49-98)","03","Large (250 or more)","Number","278"
"TSA11C04","Number of Importing Enterprises","2017","2017","50","Services/other (49-98)","99","Unknown","Number",""
"TSA11C04","Number of Importing Enterprises","2017","2017","50","Services/other (49-98)","-","All Enterprises","Number","7619"
"TSA11C04","Number of Importing Enterprises","2017","2017","99","Unknown","05","Micro (0 to 9)","Number",""
"TSA11C04","Number of Importing Enterprises","2017","2017","99","Unknown","01","Small (10 to 49)","Number",""
"TSA11C04","Number of Importing Enterprises","2017","2017","99","Unknown","02","Medium (50 to 249)","Number",""
"TSA11C04","Number of Importing Enterprises","2017","2017","99","Unknown","03","Large (250 or more)","Number",""
"TSA11C04","Number of Importing Enterprises","2017","2017","99","Unknown","99","Unknown","Number","72"
"TSA11C04","Number of Importing Enterprises","2017","2017","99","Unknown","-","All Enterprises","Number","72"
"TSA11C04","Number of Importing Enterprises","2017","2017","-","All sectors","05","Micro (0 to 9)","Number","22100"
"TSA11C04","Number of Importing Enterprises","2017","2017","-","All sectors","01","Small (10 to 49)","Number","7028"
"TSA11C04","Number of Importing Enterprises","2017","2017","-","All sectors","02","Medium (50 to 249)","Number","1826"
"TSA11C04","Number of Importing Enterprises","2017","2017","-","All sectors","03","Large (250 or more)","Number","538"
"TSA11C04","Number of Importing Enterprises","2017","2017","-","All sectors","99","Unknown","Number","72"
"TSA11C04","Number of Importing Enterprises","2017","2017","-","All sectors","-","All Enterprises","Number","31564"
"TSA11C04","Number of Importing Enterprises","2018","2018","10","Agriculture and Food (01-03,10-11)","05","Micro (0 to 9)","Number","1268"
"TSA11C04","Number of Importing Enterprises","2018","2018","10","Agriculture and Food (01-03,10-11)","01","Small (10 to 49)","Number","310"
"TSA11C04","Number of Importing Enterprises","2018","2018","10","Agriculture and Food (01-03,10-11)","02","Medium (50 to 249)","Number","136"
"TSA11C04","Number of Importing Enterprises","2018","2018","10","Agriculture and Food (01-03,10-11)","03","Large (250 or more)","Number","47"
"TSA11C04","Number of Importing Enterprises","2018","2018","10","Agriculture and Food (01-03,10-11)","99","Unknown","Number",""
"TSA11C04","Number of Importing Enterprises","2018","2018","10","Agriculture and Food (01-03,10-11)","-","All Enterprises","Number","1761"
"TSA11C04","Number of Importing Enterprises","2018","2018","20","Chemicals and Pharmaceuticals (20-21)","05","Micro (0 to 9)","Number","101"
"TSA11C04","Number of Importing Enterprises","2018","2018","20","Chemicals and Pharmaceuticals (20-21)","01","Small (10 to 49)","Number","51"
"TSA11C04","Number of Importing Enterprises","2018","2018","20","Chemicals and Pharmaceuticals (20-21)","02","Medium (50 to 249)","Number","51"
"TSA11C04","Number of Importing Enterprises","2018","2018","20","Chemicals and Pharmaceuticals (20-21)","03","Large (250 or more)","Number","34"
"TSA11C04","Number of Importing Enterprises","2018","2018","20","Chemicals and Pharmaceuticals (20-21)","99","Unknown","Number",""
"TSA11C04","Number of Importing Enterprises","2018","2018","20","Chemicals and Pharmaceuticals (20-21)","-","All Enterprises","Number","237"
"TSA11C04","Number of Importing Enterprises","2018","2018","30","Other Manufacturing and Construction (05-09, 12-19, 22-43)","05","Micro (0 to 9)","Number","4856"
"TSA11C04","Number of Importing Enterprises","2018","2018","30","Other Manufacturing and Construction (05-09, 12-19, 22-43)","01","Small (10 to 49)","Number","1724"
"TSA11C04","Number of Importing Enterprises","2018","2018","30","Other Manufacturing and Construction (05-09, 12-19, 22-43)","02","Medium (50 to 249)","Number","489"
"TSA11C04","Number of Importing Enterprises","2018","2018","30","Other Manufacturing and Construction (05-09, 12-19, 22-43)","03","Large (250 or more)","Number","99"
"TSA11C04","Number of Importing Enterprises","2018","2018","30","Other Manufacturing and Construction (05-09, 12-19, 22-43)","99","Unknown","Number",""
"TSA11C04","Number of Importing Enterprises","2018","2018","30","Other Manufacturing and Construction (05-09, 12-19, 22-43)","-","All Enterprises","Number","7168"
"TSA11C04","Number of Importing Enterprises","2018","2018","40","Wholesale and Retail (45-47)","05","Micro (0 to 9)","Number","10996"
"TSA11C04","Number of Importing Enterprises","2018","2018","40","Wholesale and Retail (45-47)","01","Small (10 to 49)","Number","3142"
"TSA11C04","Number of Importing Enterprises","2018","2018","40","Wholesale and Retail (45-47)","02","Medium (50 to 249)","Number","514"
"TSA11C04","Number of Importing Enterprises","2018","2018","40","Wholesale and Retail (45-47)","03","Large (250 or more)","Number","94"
"TSA11C04","Number of Importing Enterprises","2018","2018","40","Wholesale and Retail (45-47)","99","Unknown","Number",""
"TSA11C04","Number of Importing Enterprises","2018","2018","40","Wholesale and Retail (45-47)","-","All Enterprises","Number","14746"
"TSA11C04","Number of Importing Enterprises","2018","2018","50","Services/other (49-98)","05","Micro (0 to 9)","Number","4881"
"TSA11C04","Number of Importing Enterprises","2018","2018","50","Services/other (49-98)","01","Small (10 to 49)","Number","1841"
"TSA11C04","Number of Importing Enterprises","2018","2018","50","Services/other (49-98)","02","Medium (50 to 249)","Number","683"
"TSA11C04","Number of Importing Enterprises","2018","2018","50","Services/other (49-98)","03","Large (250 or more)","Number","320"
"TSA11C04","Number of Importing Enterprises","2018","2018","50","Services/other (49-98)","99","Unknown","Number",""
"TSA11C04","Number of Importing Enterprises","2018","2018","50","Services/other (49-98)","-","All Enterprises","Number","7725"
"TSA11C04","Number of Importing Enterprises","2018","2018","99","Unknown","05","Micro (0 to 9)","Number",""
"TSA11C04","Number of Importing Enterprises","2018","2018","99","Unknown","01","Small (10 to 49)","Number",""
"TSA11C04","Number of Importing Enterprises","2018","2018","99","Unknown","02","Medium (50 to 249)","Number",""
"TSA11C04","Number of Importing Enterprises","2018","2018","99","Unknown","03","Large (250 or more)","Number",""
"TSA11C04","Number of Importing Enterprises","2018","2018","99","Unknown","99","Unknown","Number","82"
"TSA11C04","Number of Importing Enterprises","2018","2018","99","Unknown","-","All Enterprises","Number","82"
"TSA11C04","Number of Importing Enterprises","2018","2018","-","All sectors","05","Micro (0 to 9)","Number","22102"
"TSA11C04","Number of Importing Enterprises","2018","2018","-","All sectors","01","Small (10 to 49)","Number","7068"
"TSA11C04","Number of Importing Enterprises","2018","2018","-","All sectors","02","Medium (50 to 249)","Number","1873"
"TSA11C04","Number of Importing Enterprises","2018","2018","-","All sectors","03","Large (250 or more)","Number","594"
"TSA11C04","Number of Importing Enterprises","2018","2018","-","All sectors","99","Unknown","Number","82"
"TSA11C04","Number of Importing Enterprises","2018","2018","-","All sectors","-","All Enterprises","Number","31719"
"TSA11C04","Number of Importing Enterprises","2019","2019","10","Agriculture and Food (01-03,10-11)","05","Micro (0 to 9)","Number","2580"
"TSA11C04","Number of Importing Enterprises","2019","2019","10","Agriculture and Food (01-03,10-11)","01","Small (10 to 49)","Number","338"
"TSA11C04","Number of Importing Enterprises","2019","2019","10","Agriculture and Food (01-03,10-11)","02","Medium (50 to 249)","Number","138"
"TSA11C04","Number of Importing Enterprises","2019","2019","10","Agriculture and Food (01-03,10-11)","03","Large (250 or more)","Number","53"
"TSA11C04","Number of Importing Enterprises","2019","2019","10","Agriculture and Food (01-03,10-11)","99","Unknown","Number",""
"TSA11C04","Number of Importing Enterprises","2019","2019","10","Agriculture and Food (01-03,10-11)","-","All Enterprises","Number","3109"
"TSA11C04","Number of Importing Enterprises","2019","2019","20","Chemicals and Pharmaceuticals (20-21)","05","Micro (0 to 9)","Number","142"
"TSA11C04","Number of Importing Enterprises","2019","2019","20","Chemicals and Pharmaceuticals (20-21)","01","Small (10 to 49)","Number","54"
"TSA11C04","Number of Importing Enterprises","2019","2019","20","Chemicals and Pharmaceuticals (20-21)","02","Medium (50 to 249)","Number","51"
"TSA11C04","Number of Importing Enterprises","2019","2019","20","Chemicals and Pharmaceuticals (20-21)","03","Large (250 or more)","Number","36"
"TSA11C04","Number of Importing Enterprises","2019","2019","20","Chemicals and Pharmaceuticals (20-21)","99","Unknown","Number",""
"TSA11C04","Number of Importing Enterprises","2019","2019","20","Chemicals and Pharmaceuticals (20-21)","-","All Enterprises","Number","283"
"TSA11C04","Number of Importing Enterprises","2019","2019","30","Other Manufacturing and Construction (05-09, 12-19, 22-43)","05","Micro (0 to 9)","Number","9663"
"TSA11C04","Number of Importing Enterprises","2019","2019","30","Other Manufacturing and Construction (05-09, 12-19, 22-43)","01","Small (10 to 49)","Number","1917"
"TSA11C04","Number of Importing Enterprises","2019","2019","30","Other Manufacturing and Construction (05-09, 12-19, 22-43)","02","Medium (50 to 249)","Number","496"
"TSA11C04","Number of Importing Enterprises","2019","2019","30","Other Manufacturing and Construction (05-09, 12-19, 22-43)","03","Large (250 or more)","Number","101"
"TSA11C04","Number of Importing Enterprises","2019","2019","30","Other Manufacturing and Construction (05-09, 12-19, 22-43)","99","Unknown","Number",""
"TSA11C04","Number of Importing Enterprises","2019","2019","30","Other Manufacturing and Construction (05-09, 12-19, 22-43)","-","All Enterprises","Number","12177"
"TSA11C04","Number of Importing Enterprises","2019","2019","40","Wholesale and Retail (45-47)","05","Micro (0 to 9)","Number","13682"
"TSA11C04","Number of Importing Enterprises","2019","2019","40","Wholesale and Retail (45-47)","01","Small (10 to 49)","Number","3295"
"TSA11C04","Number of Importing Enterprises","2019","2019","40","Wholesale and Retail (45-47)","02","Medium (50 to 249)","Number","536"
"TSA11C04","Number of Importing Enterprises","2019","2019","40","Wholesale and Retail (45-47)","03","Large (250 or more)","Number","94"
"TSA11C04","Number of Importing Enterprises","2019","2019","40","Wholesale and Retail (45-47)","99","Unknown","Number",""
"TSA11C04","Number of Importing Enterprises","2019","2019","40","Wholesale and Retail (45-47)","-","All Enterprises","Number","17607"
"TSA11C04","Number of Importing Enterprises","2019","2019","50","Services/other (49-98)","05","Micro (0 to 9)","Number","11551"
"TSA11C04","Number of Importing Enterprises","2019","2019","50","Services/other (49-98)","01","Small (10 to 49)","Number","2774"
"TSA11C04","Number of Importing Enterprises","2019","2019","50","Services/other (49-98)","02","Medium (50 to 249)","Number","871"
"TSA11C04","Number of Importing Enterprises","2019","2019","50","Services/other (49-98)","03","Large (250 or more)","Number","361"
"TSA11C04","Number of Importing Enterprises","2019","2019","50","Services/other (49-98)","99","Unknown","Number",""
"TSA11C04","Number of Importing Enterprises","2019","2019","50","Services/other (49-98)","-","All Enterprises","Number","15557"
"TSA11C04","Number of Importing Enterprises","2019","2019","99","Unknown","05","Micro (0 to 9)","Number",""
"TSA11C04","Number of Importing Enterprises","2019","2019","99","Unknown","01","Small (10 to 49)","Number",""
"TSA11C04","Number of Importing Enterprises","2019","2019","99","Unknown","02","Medium (50 to 249)","Number",""
"TSA11C04","Number of Importing Enterprises","2019","2019","99","Unknown","03","Large (250 or more)","Number",""
"TSA11C04","Number of Importing Enterprises","2019","2019","99","Unknown","99","Unknown","Number","246"
"TSA11C04","Number of Importing Enterprises","2019","2019","99","Unknown","-","All Enterprises","Number","246"
"TSA11C04","Number of Importing Enterprises","2019","2019","-","All sectors","05","Micro (0 to 9)","Number","37618"
"TSA11C04","Number of Importing Enterprises","2019","2019","-","All sectors","01","Small (10 to 49)","Number","8378"
"TSA11C04","Number of Importing Enterprises","2019","2019","-","All sectors","02","Medium (50 to 249)","Number","2092"
"TSA11C04","Number of Importing Enterprises","2019","2019","-","All sectors","03","Large (250 or more)","Number","645"
"TSA11C04","Number of Importing Enterprises","2019","2019","-","All sectors","99","Unknown","Number","246"
"TSA11C04","Number of Importing Enterprises","2019","2019","-","All sectors","-","All Enterprises","Number","48979"
"TSA11C04","Number of Importing Enterprises","2020","2020","10","Agriculture and Food (01-03,10-11)","05","Micro (0 to 9)","Number","2737"
"TSA11C04","Number of Importing Enterprises","2020","2020","10","Agriculture and Food (01-03,10-11)","01","Small (10 to 49)","Number","331"
"TSA11C04","Number of Importing Enterprises","2020","2020","10","Agriculture and Food (01-03,10-11)","02","Medium (50 to 249)","Number","149"
"TSA11C04","Number of Importing Enterprises","2020","2020","10","Agriculture and Food (01-03,10-11)","03","Large (250 or more)","Number","54"
"TSA11C04","Number of Importing Enterprises","2020","2020","10","Agriculture and Food (01-03,10-11)","99","Unknown","Number",""
"TSA11C04","Number of Importing Enterprises","2020","2020","10","Agriculture and Food (01-03,10-11)","-","All Enterprises","Number","3271"
"TSA11C04","Number of Importing Enterprises","2020","2020","20","Chemicals and Pharmaceuticals (20-21)","05","Micro (0 to 9)","Number","149"
"TSA11C04","Number of Importing Enterprises","2020","2020","20","Chemicals and Pharmaceuticals (20-21)","01","Small (10 to 49)","Number","57"
"TSA11C04","Number of Importing Enterprises","2020","2020","20","Chemicals and Pharmaceuticals (20-21)","02","Medium (50 to 249)","Number","48"
"TSA11C04","Number of Importing Enterprises","2020","2020","20","Chemicals and Pharmaceuticals (20-21)","03","Large (250 or more)","Number","37"
"TSA11C04","Number of Importing Enterprises","2020","2020","20","Chemicals and Pharmaceuticals (20-21)","99","Unknown","Number",""
"TSA11C04","Number of Importing Enterprises","2020","2020","20","Chemicals and Pharmaceuticals (20-21)","-","All Enterprises","Number","291"
"TSA11C04","Number of Importing Enterprises","2020","2020","30","Other Manufacturing and Construction (05-09, 12-19, 22-43)","05","Micro (0 to 9)","Number","9999"
"TSA11C04","Number of Importing Enterprises","2020","2020","30","Other Manufacturing and Construction (05-09, 12-19, 22-43)","01","Small (10 to 49)","Number","1936"
"TSA11C04","Number of Importing Enterprises","2020","2020","30","Other Manufacturing and Construction (05-09, 12-19, 22-43)","02","Medium (50 to 249)","Number","500"
"TSA11C04","Number of Importing Enterprises","2020","2020","30","Other Manufacturing and Construction (05-09, 12-19, 22-43)","03","Large (250 or more)","Number","107"
"TSA11C04","Number of Importing Enterprises","2020","2020","30","Other Manufacturing and Construction (05-09, 12-19, 22-43)","99","Unknown","Number",""
"TSA11C04","Number of Importing Enterprises","2020","2020","30","Other Manufacturing and Construction (05-09, 12-19, 22-43)","-","All Enterprises","Number","12542"
"TSA11C04","Number of Importing Enterprises","2020","2020","40","Wholesale and Retail (45-47)","05","Micro (0 to 9)","Number","14768"
"TSA11C04","Number of Importing Enterprises","2020","2020","40","Wholesale and Retail (45-47)","01","Small (10 to 49)","Number","3186"
"TSA11C04","Number of Importing Enterprises","2020","2020","40","Wholesale and Retail (45-47)","02","Medium (50 to 249)","Number","564"
"TSA11C04","Number of Importing Enterprises","2020","2020","40","Wholesale and Retail (45-47)","03","Large (250 or more)","Number","92"
"TSA11C04","Number of Importing Enterprises","2020","2020","40","Wholesale and Retail (45-47)","99","Unknown","Number",""
"TSA11C04","Number of Importing Enterprises","2020","2020","40","Wholesale and Retail (45-47)","-","All Enterprises","Number","18610"
"TSA11C04","Number of Importing Enterprises","2020","2020","50","Services/other (49-98)","05","Micro (0 to 9)","Number","12158"
"TSA11C04","Number of Importing Enterprises","2020","2020","50","Services/other (49-98)","01","Small (10 to 49)","Number","2752"
"TSA11C04","Number of Importing Enterprises","2020","2020","50","Services/other (49-98)","02","Medium (50 to 249)","Number","838"
"TSA11C04","Number of Importing Enterprises","2020","2020","50","Services/other (49-98)","03","Large (250 or more)","Number","356"
"TSA11C04","Number of Importing Enterprises","2020","2020","50","Services/other (49-98)","99","Unknown","Number",""
"TSA11C04","Number of Importing Enterprises","2020","2020","50","Services/other (49-98)","-","All Enterprises","Number","16104"
"TSA11C04","Number of Importing Enterprises","2020","2020","99","Unknown","05","Micro (0 to 9)","Number",""
"TSA11C04","Number of Importing Enterprises","2020","2020","99","Unknown","01","Small (10 to 49)","Number",""
"TSA11C04","Number of Importing Enterprises","2020","2020","99","Unknown","02","Medium (50 to 249)","Number",""
"TSA11C04","Number of Importing Enterprises","2020","2020","99","Unknown","03","Large (250 or more)","Number",""
"TSA11C04","Number of Importing Enterprises","2020","2020","99","Unknown","99","Unknown","Number","174"
"TSA11C04","Number of Importing Enterprises","2020","2020","99","Unknown","-","All Enterprises","Number","174"
"TSA11C04","Number of Importing Enterprises","2020","2020","-","All sectors","05","Micro (0 to 9)","Number","39811"
"TSA11C04","Number of Importing Enterprises","2020","2020","-","All sectors","01","Small (10 to 49)","Number","8262"
"TSA11C04","Number of Importing Enterprises","2020","2020","-","All sectors","02","Medium (50 to 249)","Number","2099"
"TSA11C04","Number of Importing Enterprises","2020","2020","-","All sectors","03","Large (250 or more)","Number","646"
"TSA11C04","Number of Importing Enterprises","2020","2020","-","All sectors","99","Unknown","Number","174"
"TSA11C04","Number of Importing Enterprises","2020","2020","-","All sectors","-","All Enterprises","Number","50992"
